-- MySQL dump 10.13  Distrib 8.0.43, for Win64 (x86_64)
--
-- Host: localhost    Database: faculty_appraisal
-- ------------------------------------------------------
-- Server version	8.0.43

/*!40101 SET @OLD_CHARACTER_SET_CLIENT=@@CHARACTER_SET_CLIENT */;
/*!40101 SET @OLD_CHARACTER_SET_RESULTS=@@CHARACTER_SET_RESULTS */;
/*!40101 SET @OLD_COLLATION_CONNECTION=@@COLLATION_CONNECTION */;
/*!50503 SET NAMES utf8mb4 */;
/*!40103 SET @OLD_TIME_ZONE=@@TIME_ZONE */;
/*!40103 SET TIME_ZONE='+00:00' */;
/*!40014 SET @OLD_UNIQUE_CHECKS=@@UNIQUE_CHECKS, UNIQUE_CHECKS=0 */;
/*!40014 SET @OLD_FOREIGN_KEY_CHECKS=@@FOREIGN_KEY_CHECKS, FOREIGN_KEY_CHECKS=0 */;
/*!40101 SET @OLD_SQL_MODE=@@SQL_MODE, SQL_MODE='NO_AUTO_VALUE_ON_ZERO' */;
/*!40111 SET @OLD_SQL_NOTES=@@SQL_NOTES, SQL_NOTES=0 */;

--
-- Table structure for table `appraisal_sessions`
--

DROP TABLE IF EXISTS `appraisal_sessions`;
/*!40101 SET @saved_cs_client     = @@character_set_client */;
/*!50503 SET character_set_client = utf8mb4 */;
CREATE TABLE `appraisal_sessions` (
  `id` int NOT NULL AUTO_INCREMENT,
  `academic_year` varchar(20) NOT NULL,
  `start_date` date NOT NULL,
  `end_date` date NOT NULL,
  `status` enum('open','closed') DEFAULT 'closed',
  `created_by` int DEFAULT NULL,
  `created_at` timestamp NULL DEFAULT CURRENT_TIMESTAMP,
  `updated_at` timestamp NULL DEFAULT CURRENT_TIMESTAMP ON UPDATE CURRENT_TIMESTAMP,
  `release_date` datetime DEFAULT NULL,
  `deadline` date DEFAULT NULL,
  `is_released` tinyint(1) DEFAULT '0',
  `scheduled_release` datetime DEFAULT NULL,
  `reminder_sent` tinyint(1) DEFAULT '0',
  `release_email_sent` tinyint(1) DEFAULT '0',
  `reminder_days` int DEFAULT '2',
  `reminder_time` time DEFAULT '08:00:00',
  PRIMARY KEY (`id`),
  KEY `created_by` (`created_by`),
  KEY `idx_appraisal_sessions_status_workflow` (`status`)
) ENGINE=InnoDB AUTO_INCREMENT=5 DEFAULT CHARSET=utf8mb4 COLLATE=utf8mb4_0900_ai_ci;
/*!40101 SET character_set_client = @saved_cs_client */;

--
-- Dumping data for table `appraisal_sessions`
--

LOCK TABLES `appraisal_sessions` WRITE;
/*!40000 ALTER TABLE `appraisal_sessions` DISABLE KEYS */;
INSERT INTO `appraisal_sessions` VALUES (1,'2026-27','2026-04-04','2026-05-04','closed',NULL,'2026-04-04 17:01:48','2026-04-04 17:06:03','2026-04-04 22:35:46','2026-05-04',0,NULL,0,0,2,'08:00:00'),(2,'Test','2026-04-06','2026-04-08','closed',NULL,'2026-04-04 17:08:33','2026-04-04 17:10:48','2026-04-04 22:40:00','2026-04-08',0,NULL,0,1,2,'08:00:00'),(3,'test','2026-04-02','2026-04-04','closed',NULL,'2026-04-04 21:10:11','2026-04-04 21:10:24',NULL,'2026-04-04',0,NULL,0,0,2,'20:00:00'),(4,'testt','2026-04-06','2026-04-09','open',NULL,'2026-04-04 21:11:36','2026-04-04 21:11:59','2026-04-05 02:41:49','2026-04-09',1,NULL,0,1,2,'08:00:00');
/*!40000 ALTER TABLE `appraisal_sessions` ENABLE KEYS */;
UNLOCK TABLES;

--
-- Table structure for table `authors`
--

DROP TABLE IF EXISTS `authors`;
/*!40101 SET @saved_cs_client     = @@character_set_client */;
/*!50503 SET character_set_client = utf8mb4 */;
CREATE TABLE `authors` (
  `id` int NOT NULL AUTO_INCREMENT,
  `publication_id` int DEFAULT NULL,
  `patent_id` int DEFAULT NULL,
  `first_name` varchar(100) DEFAULT NULL,
  `middle_name` varchar(100) DEFAULT NULL,
  `last_name` varchar(100) DEFAULT NULL,
  `created_at` timestamp NULL DEFAULT CURRENT_TIMESTAMP,
  PRIMARY KEY (`id`)
) ENGINE=InnoDB DEFAULT CHARSET=utf8mb4 COLLATE=utf8mb4_0900_ai_ci;
/*!40101 SET character_set_client = @saved_cs_client */;

--
-- Dumping data for table `authors`
--

LOCK TABLES `authors` WRITE;
/*!40000 ALTER TABLE `authors` DISABLE KEYS */;
/*!40000 ALTER TABLE `authors` ENABLE KEYS */;
UNLOCK TABLES;

--
-- Table structure for table `awards_honours`
--

DROP TABLE IF EXISTS `awards_honours`;
/*!40101 SET @saved_cs_client     = @@character_set_client */;
/*!50503 SET character_set_client = utf8mb4 */;
CREATE TABLE `awards_honours` (
  `id` int NOT NULL AUTO_INCREMENT,
  `faculty_id` int DEFAULT NULL,
  `award_name` varchar(255) DEFAULT NULL,
  `awarding_agency` varchar(255) DEFAULT NULL,
  `year` int DEFAULT NULL,
  `description` text,
  `created_at` timestamp NULL DEFAULT CURRENT_TIMESTAMP,
  PRIMARY KEY (`id`),
  KEY `faculty_id` (`faculty_id`),
  CONSTRAINT `awards_honours_ibfk_1` FOREIGN KEY (`faculty_id`) REFERENCES `faculty_information` (`id`) ON DELETE CASCADE
) ENGINE=InnoDB AUTO_INCREMENT=5 DEFAULT CHARSET=utf8mb4 COLLATE=utf8mb4_0900_ai_ci;
/*!40101 SET character_set_client = @saved_cs_client */;

--
-- Dumping data for table `awards_honours`
--

LOCK TABLES `awards_honours` WRITE;
/*!40000 ALTER TABLE `awards_honours` DISABLE KEYS */;
INSERT INTO `awards_honours` VALUES (3,12,'Best Paper Award','IEEE International Conference on AI',2024,'Best paper in track: Edge AI Systems','2026-04-05 07:56:21'),(4,12,'Excellence in Research','LNMIIT',2023,'Institute level research excellence award','2026-04-05 07:56:21');
/*!40000 ALTER TABLE `awards_honours` ENABLE KEYS */;
UNLOCK TABLES;

--
-- Table structure for table `conference_sessions`
--

DROP TABLE IF EXISTS `conference_sessions`;
/*!40101 SET @saved_cs_client     = @@character_set_client */;
/*!50503 SET character_set_client = utf8mb4 */;
CREATE TABLE `conference_sessions` (
  `id` int NOT NULL AUTO_INCREMENT,
  `faculty_id` int DEFAULT NULL,
  `conference_name` varchar(255) DEFAULT NULL,
  `session_title` varchar(255) DEFAULT NULL,
  `date` date DEFAULT NULL,
  `location` varchar(255) DEFAULT NULL,
  `created_at` timestamp NULL DEFAULT CURRENT_TIMESTAMP,
  PRIMARY KEY (`id`),
  KEY `faculty_id` (`faculty_id`),
  CONSTRAINT `conference_sessions_ibfk_1` FOREIGN KEY (`faculty_id`) REFERENCES `faculty_information` (`id`) ON DELETE CASCADE
) ENGINE=InnoDB DEFAULT CHARSET=utf8mb4 COLLATE=utf8mb4_0900_ai_ci;
/*!40101 SET character_set_client = @saved_cs_client */;

--
-- Dumping data for table `conference_sessions`
--

LOCK TABLES `conference_sessions` WRITE;
/*!40000 ALTER TABLE `conference_sessions` DISABLE KEYS */;
/*!40000 ALTER TABLE `conference_sessions` ENABLE KEYS */;
UNLOCK TABLES;

--
-- Table structure for table `consultancy`
--

DROP TABLE IF EXISTS `consultancy`;
/*!40101 SET @saved_cs_client     = @@character_set_client */;
/*!50503 SET character_set_client = utf8mb4 */;
CREATE TABLE `consultancy` (
  `id` int NOT NULL AUTO_INCREMENT,
  `faculty_id` int DEFAULT NULL,
  `organization` varchar(255) DEFAULT NULL,
  `project_title` varchar(500) DEFAULT NULL,
  `amount` decimal(15,2) DEFAULT NULL,
  `duration` varchar(100) DEFAULT NULL,
  `year` int DEFAULT NULL,
  `created_at` timestamp NULL DEFAULT CURRENT_TIMESTAMP,
  PRIMARY KEY (`id`),
  KEY `faculty_id` (`faculty_id`),
  CONSTRAINT `consultancy_ibfk_1` FOREIGN KEY (`faculty_id`) REFERENCES `faculty_information` (`id`) ON DELETE CASCADE
) ENGINE=InnoDB DEFAULT CHARSET=utf8mb4 COLLATE=utf8mb4_0900_ai_ci;
/*!40101 SET character_set_client = @saved_cs_client */;

--
-- Dumping data for table `consultancy`
--

LOCK TABLES `consultancy` WRITE;
/*!40000 ALTER TABLE `consultancy` DISABLE KEYS */;
/*!40000 ALTER TABLE `consultancy` ENABLE KEYS */;
UNLOCK TABLES;

--
-- Table structure for table `courses_taught`
--

DROP TABLE IF EXISTS `courses_taught`;
/*!40101 SET @saved_cs_client     = @@character_set_client */;
/*!50503 SET character_set_client = utf8mb4 */;
CREATE TABLE `courses_taught` (
  `id` int NOT NULL AUTO_INCREMENT,
  `faculty_id` int DEFAULT NULL,
  `section` varchar(10) DEFAULT NULL,
  `semester` varchar(50) DEFAULT NULL,
  `course_code` varchar(20) DEFAULT NULL,
  `course_name` varchar(255) DEFAULT NULL,
  `program` varchar(100) DEFAULT NULL,
  `credits` int DEFAULT NULL,
  `enrollment` int DEFAULT NULL,
  `percentage` varchar(20) DEFAULT NULL COMMENT 'Percentage of course taught alone',
  `status` enum('draft','submitted') DEFAULT 'draft',
  `feedback_score` decimal(5,3) DEFAULT NULL COMMENT 'Student feedback score (0.000 to 10.000)',
  `created_at` timestamp NULL DEFAULT CURRENT_TIMESTAMP,
  PRIMARY KEY (`id`),
  KEY `idx_courses_faculty` (`faculty_id`),
  CONSTRAINT `courses_taught_ibfk_1` FOREIGN KEY (`faculty_id`) REFERENCES `faculty_information` (`id`) ON DELETE CASCADE
) ENGINE=InnoDB AUTO_INCREMENT=8 DEFAULT CHARSET=utf8mb4 COLLATE=utf8mb4_0900_ai_ci;
/*!40101 SET character_set_client = @saved_cs_client */;

--
-- Dumping data for table `courses_taught`
--

LOCK TABLES `courses_taught` WRITE;
/*!40000 ALTER TABLE `courses_taught` DISABLE KEYS */;
INSERT INTO `courses_taught` VALUES (4,12,'A','Odd 2024-25','CS101','Data Structures','B.Tech CSE',4,60,NULL,'draft',NULL,'2026-04-05 07:56:21'),(5,12,'B','Odd 2024-25','CS201','Algorithm Design','B.Tech CSE',4,55,NULL,'draft',NULL,'2026-04-05 07:56:21'),(6,12,'A','Even 2024-25','CS301','Machine Learning','M.Tech CSE',3,30,NULL,'draft',NULL,'2026-04-05 07:56:21'),(7,1,NULL,'Fall',NULL,'abfv',NULL,NULL,33,'12','submitted',2.000,'2026-04-05 14:26:07');
/*!40000 ALTER TABLE `courses_taught` ENABLE KEYS */;
UNLOCK TABLES;

--
-- Table structure for table `departments`
--

DROP TABLE IF EXISTS `departments`;
/*!40101 SET @saved_cs_client     = @@character_set_client */;
/*!50503 SET character_set_client = utf8mb4 */;
CREATE TABLE `departments` (
  `id` int NOT NULL AUTO_INCREMENT,
  `name` varchar(255) NOT NULL,
  `code` varchar(20) NOT NULL,
  `hod_email` varchar(255) DEFAULT NULL,
  `hod_name` varchar(255) DEFAULT NULL,
  `created_at` timestamp NULL DEFAULT CURRENT_TIMESTAMP,
  `updated_at` timestamp NULL DEFAULT CURRENT_TIMESTAMP ON UPDATE CURRENT_TIMESTAMP,
  `is_archived` tinyint(1) NOT NULL DEFAULT '0',
  `archived_at` timestamp NULL DEFAULT NULL,
  `archived_by` int DEFAULT NULL,
  `archive_reason` varchar(255) DEFAULT NULL,
  PRIMARY KEY (`id`),
  UNIQUE KEY `code` (`code`)
) ENGINE=InnoDB AUTO_INCREMENT=5 DEFAULT CHARSET=utf8mb4 COLLATE=utf8mb4_0900_ai_ci;
/*!40101 SET character_set_client = @saved_cs_client */;

--
-- Dumping data for table `departments`
--

LOCK TABLES `departments` WRITE;
/*!40000 ALTER TABLE `departments` DISABLE KEYS */;
INSERT INTO `departments` VALUES (1,'Computer Science','CSE','hod.demo@lnmiit.ac.in','HOD Demo','2026-04-04 12:28:04','2026-04-04 12:28:04',0,NULL,NULL,NULL),(2,'Administration','ADMIN','admin.demo@lnmiit.ac.in','Admin Demo','2026-04-04 12:28:04','2026-04-04 12:28:04',0,NULL,NULL,NULL),(3,'cse','CSE1','cokajob530@agoalz.com','sid','2026-04-04 14:53:03','2026-04-04 14:53:03',0,NULL,NULL,NULL),(4,'Computer Science and Engineering','CSE11','sidrajpatel2003@gmail.com','SansAura','2026-04-04 16:02:06','2026-04-04 22:47:20',1,'2026-04-04 22:47:20',3,'Archived from Manage Users');
/*!40000 ALTER TABLE `departments` ENABLE KEYS */;
UNLOCK TABLES;

--
-- Table structure for table `dofa_evaluation_remarks`
--

DROP TABLE IF EXISTS `dofa_evaluation_remarks`;
/*!40101 SET @saved_cs_client     = @@character_set_client */;
/*!50503 SET character_set_client = utf8mb4 */;
CREATE TABLE `dofa_evaluation_remarks` (
  `id` int NOT NULL AUTO_INCREMENT,
  `submission_id` int NOT NULL,
  `remark` text,
  `created_at` timestamp NULL DEFAULT CURRENT_TIMESTAMP,
  `updated_at` timestamp NULL DEFAULT CURRENT_TIMESTAMP ON UPDATE CURRENT_TIMESTAMP,
  PRIMARY KEY (`id`),
  UNIQUE KEY `uq_eval_remarks_submission` (`submission_id`),
  CONSTRAINT `dofa_evaluation_remarks_ibfk_1` FOREIGN KEY (`submission_id`) REFERENCES `submissions` (`id`) ON DELETE CASCADE
) ENGINE=InnoDB DEFAULT CHARSET=utf8mb4 COLLATE=utf8mb4_0900_ai_ci;
/*!40101 SET character_set_client = @saved_cs_client */;

--
-- Dumping data for table `dofa_evaluation_remarks`
--

LOCK TABLES `dofa_evaluation_remarks` WRITE;
/*!40000 ALTER TABLE `dofa_evaluation_remarks` DISABLE KEYS */;
/*!40000 ALTER TABLE `dofa_evaluation_remarks` ENABLE KEYS */;
UNLOCK TABLES;

--
-- Table structure for table `dofa_evaluation_scores`
--

DROP TABLE IF EXISTS `dofa_evaluation_scores`;
/*!40101 SET @saved_cs_client     = @@character_set_client */;
/*!50503 SET character_set_client = utf8mb4 */;
CREATE TABLE `dofa_evaluation_scores` (
  `id` int NOT NULL AUTO_INCREMENT,
  `submission_id` int NOT NULL,
  `rubric_id` int DEFAULT NULL,
  `score` decimal(10,2) DEFAULT NULL,
  `evaluator_id` int DEFAULT NULL,
  `created_at` timestamp NULL DEFAULT CURRENT_TIMESTAMP,
  `updated_at` timestamp NULL DEFAULT CURRENT_TIMESTAMP ON UPDATE CURRENT_TIMESTAMP,
  PRIMARY KEY (`id`),
  KEY `submission_id` (`submission_id`),
  KEY `evaluator_id` (`evaluator_id`),
  CONSTRAINT `dofa_evaluation_scores_ibfk_1` FOREIGN KEY (`submission_id`) REFERENCES `submissions` (`id`) ON DELETE CASCADE,
  CONSTRAINT `dofa_evaluation_scores_ibfk_2` FOREIGN KEY (`evaluator_id`) REFERENCES `users` (`id`) ON DELETE SET NULL
) ENGINE=InnoDB AUTO_INCREMENT=1560 DEFAULT CHARSET=utf8mb4 COLLATE=utf8mb4_0900_ai_ci;
/*!40101 SET character_set_client = @saved_cs_client */;

--
-- Dumping data for table `dofa_evaluation_scores`
--

LOCK TABLES `dofa_evaluation_scores` WRITE;
/*!40000 ALTER TABLE `dofa_evaluation_scores` DISABLE KEYS */;
INSERT INTO `dofa_evaluation_scores` VALUES (51,2,1,10.00,NULL,'2026-04-05 06:55:58','2026-04-05 06:55:58'),(52,2,2,23.00,NULL,'2026-04-05 06:56:02','2026-04-05 06:56:02'),(54,1,1,0.00,NULL,'2026-04-05 06:56:14','2026-04-05 06:56:14'),(55,1,2,0.00,NULL,'2026-04-05 06:56:14','2026-04-05 06:56:14'),(58,4,1,0.00,NULL,'2026-04-05 08:58:14','2026-04-05 08:58:14'),(59,4,2,0.00,NULL,'2026-04-05 08:58:14','2026-04-05 08:58:14'),(435,4,3,0.00,NULL,'2026-04-05 14:11:40','2026-04-05 14:11:40'),(436,4,4,0.00,NULL,'2026-04-05 14:11:40','2026-04-05 14:11:40'),(437,4,5,0.00,NULL,'2026-04-05 14:11:40','2026-04-05 14:11:40'),(438,4,6,0.00,NULL,'2026-04-05 14:11:40','2026-04-05 14:11:40'),(439,4,7,0.00,NULL,'2026-04-05 14:11:40','2026-04-05 14:11:40'),(440,4,8,0.00,NULL,'2026-04-05 14:11:40','2026-04-05 14:11:40'),(441,4,9,0.00,NULL,'2026-04-05 14:11:40','2026-04-05 14:11:40'),(442,4,10,0.00,NULL,'2026-04-05 14:11:40','2026-04-05 14:11:40'),(443,4,11,0.00,NULL,'2026-04-05 14:11:40','2026-04-05 14:11:40'),(444,4,12,0.00,NULL,'2026-04-05 14:11:40','2026-04-05 14:11:40'),(445,4,13,4.00,NULL,'2026-04-05 14:11:40','2026-04-05 14:11:40'),(446,4,14,10.00,NULL,'2026-04-05 14:11:40','2026-04-05 14:11:40'),(447,4,15,8.00,NULL,'2026-04-05 14:11:40','2026-04-05 14:11:40'),(448,4,16,0.00,NULL,'2026-04-05 14:11:40','2026-04-05 14:11:40'),(449,4,17,0.00,NULL,'2026-04-05 14:11:40','2026-04-05 14:11:40'),(450,4,18,5.00,NULL,'2026-04-05 14:11:40','2026-04-05 14:11:40'),(451,4,19,0.00,NULL,'2026-04-05 14:11:40','2026-04-05 14:11:40'),(452,4,20,0.00,NULL,'2026-04-05 14:11:40','2026-04-05 14:11:40'),(453,4,21,0.00,NULL,'2026-04-05 14:11:40','2026-04-05 14:11:40'),(454,4,22,0.00,NULL,'2026-04-05 14:11:40','2026-04-05 14:11:40'),(455,4,23,0.00,NULL,'2026-04-05 14:11:40','2026-04-05 14:11:40'),(456,4,24,0.00,NULL,'2026-04-05 14:11:40','2026-04-05 14:11:40'),(457,4,25,15.00,NULL,'2026-04-05 14:11:40','2026-04-05 14:11:40'),(458,4,26,0.00,NULL,'2026-04-05 14:11:40','2026-04-05 14:11:40'),(459,4,27,0.00,NULL,'2026-04-05 14:11:40','2026-04-05 14:11:40'),(460,4,28,0.00,NULL,'2026-04-05 14:11:40','2026-04-05 14:11:40'),(461,4,29,0.00,NULL,'2026-04-05 14:11:40','2026-04-05 14:11:40'),(462,4,30,4.50,NULL,'2026-04-05 14:11:40','2026-04-05 14:11:40'),(463,4,31,0.00,NULL,'2026-04-05 14:11:40','2026-04-05 14:11:40'),(464,4,32,0.00,NULL,'2026-04-05 14:11:40','2026-04-05 14:11:40'),(465,4,33,0.00,NULL,'2026-04-05 14:11:40','2026-04-05 14:11:40'),(466,4,34,0.00,NULL,'2026-04-05 14:11:40','2026-04-05 14:11:40'),(467,4,35,2.00,NULL,'2026-04-05 14:11:40','2026-04-05 14:11:40'),(468,4,36,0.00,NULL,'2026-04-05 14:11:40','2026-04-05 14:11:40'),(469,4,37,10.00,NULL,'2026-04-05 14:11:40','2026-04-05 14:11:40'),(470,4,38,5.00,NULL,'2026-04-05 14:11:40','2026-04-05 14:11:40'),(471,4,39,0.00,NULL,'2026-04-05 14:11:40','2026-04-05 14:11:40'),(472,4,40,0.00,NULL,'2026-04-05 14:11:40','2026-04-05 14:11:40'),(473,4,41,0.00,NULL,'2026-04-05 14:11:40','2026-04-05 14:11:40'),(474,4,42,0.00,NULL,'2026-04-05 14:11:40','2026-04-05 14:11:40'),(475,4,43,0.00,NULL,'2026-04-05 14:11:40','2026-04-05 14:11:40'),(476,4,44,5.00,NULL,'2026-04-05 14:11:40','2026-04-05 14:11:40'),(477,4,45,3.00,NULL,'2026-04-05 14:11:40','2026-04-05 14:11:40'),(478,4,46,1.00,NULL,'2026-04-05 14:11:40','2026-04-05 14:11:40'),(479,4,47,2.00,NULL,'2026-04-05 14:11:40','2026-04-05 14:11:40'),(480,4,48,1.00,NULL,'2026-04-05 14:11:40','2026-04-05 14:11:40'),(481,4,49,2.00,NULL,'2026-04-05 14:11:40','2026-04-05 14:11:40'),(482,4,50,1.00,NULL,'2026-04-05 14:11:40','2026-04-05 14:11:40'),(483,4,51,0.00,NULL,'2026-04-05 14:11:40','2026-04-05 14:11:40'),(484,4,52,10.00,NULL,'2026-04-05 14:11:40','2026-04-05 14:11:40'),(485,4,53,0.00,NULL,'2026-04-05 14:11:40','2026-04-05 14:11:40'),(486,4,54,0.00,NULL,'2026-04-05 14:11:40','2026-04-05 14:11:40'),(487,4,55,0.00,NULL,'2026-04-05 14:11:40','2026-04-05 14:11:40'),(488,4,56,0.00,NULL,'2026-04-05 14:11:40','2026-04-05 14:11:40'),(489,4,57,0.00,NULL,'2026-04-05 14:11:40','2026-04-05 14:11:40'),(490,4,58,0.00,NULL,'2026-04-05 14:11:40','2026-04-05 14:11:40'),(491,4,59,0.00,NULL,'2026-04-05 14:11:40','2026-04-05 14:11:40'),(492,4,60,0.00,NULL,'2026-04-05 14:11:40','2026-04-05 14:11:40'),(493,4,61,0.00,NULL,'2026-04-05 14:11:40','2026-04-05 14:11:40'),(494,4,62,0.00,NULL,'2026-04-05 14:11:40','2026-04-05 14:11:40'),(495,4,63,0.00,NULL,'2026-04-05 14:11:40','2026-04-05 14:11:40'),(496,4,64,0.00,NULL,'2026-04-05 14:11:40','2026-04-05 14:11:40'),(497,4,65,0.00,NULL,'2026-04-05 14:11:40','2026-04-05 14:11:40'),(498,4,66,0.00,NULL,'2026-04-05 14:11:40','2026-04-05 14:11:40'),(499,4,67,0.00,NULL,'2026-04-05 14:11:40','2026-04-05 14:11:40'),(500,4,68,0.00,NULL,'2026-04-05 14:11:40','2026-04-05 14:11:40'),(501,4,69,0.00,NULL,'2026-04-05 14:11:40','2026-04-05 14:11:40'),(502,4,70,0.00,NULL,'2026-04-05 14:11:40','2026-04-05 14:11:40'),(503,4,71,0.00,NULL,'2026-04-05 14:11:40','2026-04-05 14:11:40'),(504,4,72,0.00,NULL,'2026-04-05 14:11:40','2026-04-05 14:11:40'),(505,4,73,0.00,NULL,'2026-04-05 14:11:40','2026-04-05 14:11:40'),(506,4,74,0.00,NULL,'2026-04-05 14:11:40','2026-04-05 14:11:40'),(507,4,75,0.00,NULL,'2026-04-05 14:11:40','2026-04-05 14:11:40'),(508,4,76,0.00,NULL,'2026-04-05 14:11:40','2026-04-05 14:11:40'),(509,4,77,0.00,NULL,'2026-04-05 14:11:40','2026-04-05 14:11:40'),(1035,1,3,0.00,NULL,'2026-04-05 14:49:59','2026-04-05 14:49:59'),(1036,1,4,0.00,NULL,'2026-04-05 14:49:59','2026-04-05 14:49:59'),(1037,1,5,0.00,NULL,'2026-04-05 14:49:59','2026-04-05 14:49:59'),(1038,1,6,0.00,NULL,'2026-04-05 14:49:59','2026-04-05 14:49:59'),(1039,1,7,0.00,NULL,'2026-04-05 14:49:59','2026-04-05 14:49:59'),(1040,1,8,0.00,NULL,'2026-04-05 14:49:59','2026-04-05 14:49:59'),(1041,1,9,0.00,NULL,'2026-04-05 14:49:59','2026-04-05 14:49:59'),(1042,1,10,0.00,NULL,'2026-04-05 14:49:59','2026-04-05 14:49:59'),(1043,1,11,0.00,NULL,'2026-04-05 14:49:59','2026-04-05 14:49:59'),(1044,1,12,0.00,NULL,'2026-04-05 14:49:59','2026-04-05 14:49:59'),(1045,1,13,0.00,NULL,'2026-04-05 14:49:59','2026-04-05 14:49:59'),(1046,1,14,0.00,NULL,'2026-04-05 14:49:59','2026-04-05 14:49:59'),(1047,1,15,0.00,NULL,'2026-04-05 14:49:59','2026-04-05 14:49:59'),(1048,1,16,0.00,NULL,'2026-04-05 14:49:59','2026-04-05 14:49:59'),(1049,1,17,0.00,NULL,'2026-04-05 14:49:59','2026-04-05 14:49:59'),(1050,1,18,0.00,NULL,'2026-04-05 14:49:59','2026-04-05 14:49:59'),(1051,1,19,0.00,NULL,'2026-04-05 14:49:59','2026-04-05 14:49:59'),(1052,1,20,0.00,NULL,'2026-04-05 14:49:59','2026-04-05 14:49:59'),(1053,1,21,0.00,NULL,'2026-04-05 14:49:59','2026-04-05 14:49:59'),(1054,1,22,0.00,NULL,'2026-04-05 14:49:59','2026-04-05 14:49:59'),(1055,1,23,0.00,NULL,'2026-04-05 14:49:59','2026-04-05 14:49:59'),(1056,1,24,0.00,NULL,'2026-04-05 14:49:59','2026-04-05 14:49:59'),(1057,1,25,0.00,NULL,'2026-04-05 14:49:59','2026-04-05 14:49:59'),(1058,1,26,0.00,NULL,'2026-04-05 14:49:59','2026-04-05 14:49:59'),(1059,1,27,0.00,NULL,'2026-04-05 14:49:59','2026-04-05 14:49:59'),(1060,1,28,0.00,NULL,'2026-04-05 14:49:59','2026-04-05 14:49:59'),(1061,1,29,0.00,NULL,'2026-04-05 14:49:59','2026-04-05 14:49:59'),(1062,1,30,0.00,NULL,'2026-04-05 14:49:59','2026-04-05 14:49:59'),(1063,1,31,0.00,NULL,'2026-04-05 14:49:59','2026-04-05 14:49:59'),(1064,1,32,0.00,NULL,'2026-04-05 14:49:59','2026-04-05 14:49:59'),(1065,1,33,0.00,NULL,'2026-04-05 14:49:59','2026-04-05 14:49:59'),(1066,1,34,0.00,NULL,'2026-04-05 14:49:59','2026-04-05 14:49:59'),(1067,1,35,0.00,NULL,'2026-04-05 14:49:59','2026-04-05 14:49:59'),(1068,1,36,0.00,NULL,'2026-04-05 14:49:59','2026-04-05 14:49:59'),(1069,1,37,0.00,NULL,'2026-04-05 14:49:59','2026-04-05 14:49:59'),(1070,1,38,0.00,NULL,'2026-04-05 14:49:59','2026-04-05 14:49:59'),(1071,1,39,0.00,NULL,'2026-04-05 14:49:59','2026-04-05 14:49:59'),(1072,1,40,0.00,NULL,'2026-04-05 14:49:59','2026-04-05 14:49:59'),(1073,1,41,0.00,NULL,'2026-04-05 14:49:59','2026-04-05 14:49:59'),(1074,1,42,0.00,NULL,'2026-04-05 14:49:59','2026-04-05 14:49:59'),(1075,1,43,0.00,NULL,'2026-04-05 14:49:59','2026-04-05 14:49:59'),(1076,1,44,0.00,NULL,'2026-04-05 14:49:59','2026-04-05 14:49:59'),(1077,1,45,0.00,NULL,'2026-04-05 14:49:59','2026-04-05 14:49:59'),(1078,1,46,0.00,NULL,'2026-04-05 14:49:59','2026-04-05 14:49:59'),(1079,1,47,0.00,NULL,'2026-04-05 14:49:59','2026-04-05 14:49:59'),(1080,1,48,0.00,NULL,'2026-04-05 14:49:59','2026-04-05 14:49:59'),(1081,1,49,0.00,NULL,'2026-04-05 14:49:59','2026-04-05 14:49:59'),(1082,1,50,0.00,NULL,'2026-04-05 14:49:59','2026-04-05 14:49:59'),(1083,1,51,0.00,NULL,'2026-04-05 14:49:59','2026-04-05 14:49:59'),(1084,1,52,0.00,NULL,'2026-04-05 14:49:59','2026-04-05 14:49:59'),(1085,1,53,0.00,NULL,'2026-04-05 14:49:59','2026-04-05 14:49:59'),(1086,1,54,0.00,NULL,'2026-04-05 14:49:59','2026-04-05 14:49:59'),(1087,1,55,0.00,NULL,'2026-04-05 14:49:59','2026-04-05 14:49:59'),(1088,1,56,0.00,NULL,'2026-04-05 14:49:59','2026-04-05 14:49:59'),(1089,1,57,0.00,NULL,'2026-04-05 14:49:59','2026-04-05 14:49:59'),(1090,1,58,0.00,NULL,'2026-04-05 14:49:59','2026-04-05 14:49:59'),(1091,1,59,0.00,NULL,'2026-04-05 14:49:59','2026-04-05 14:49:59'),(1092,1,60,0.00,NULL,'2026-04-05 14:49:59','2026-04-05 14:49:59'),(1093,1,61,0.00,NULL,'2026-04-05 14:49:59','2026-04-05 14:49:59'),(1094,1,62,0.00,NULL,'2026-04-05 14:49:59','2026-04-05 14:49:59'),(1095,1,63,0.00,NULL,'2026-04-05 14:49:59','2026-04-05 14:49:59'),(1096,1,64,0.00,NULL,'2026-04-05 14:49:59','2026-04-05 14:49:59'),(1097,1,65,0.00,NULL,'2026-04-05 14:49:59','2026-04-05 14:49:59'),(1098,1,66,0.00,NULL,'2026-04-05 14:49:59','2026-04-05 14:49:59'),(1099,1,67,0.00,NULL,'2026-04-05 14:49:59','2026-04-05 14:49:59'),(1100,1,68,0.00,NULL,'2026-04-05 14:49:59','2026-04-05 14:49:59'),(1101,1,69,0.00,NULL,'2026-04-05 14:49:59','2026-04-05 14:49:59'),(1102,1,70,0.00,NULL,'2026-04-05 14:49:59','2026-04-05 14:49:59'),(1103,1,71,0.00,NULL,'2026-04-05 14:49:59','2026-04-05 14:49:59'),(1104,1,72,0.00,NULL,'2026-04-05 14:49:59','2026-04-05 14:49:59'),(1105,1,73,0.00,NULL,'2026-04-05 14:49:59','2026-04-05 14:49:59'),(1106,1,74,0.00,NULL,'2026-04-05 14:49:59','2026-04-05 14:49:59'),(1107,1,75,0.00,NULL,'2026-04-05 14:49:59','2026-04-05 14:49:59'),(1108,1,76,0.00,NULL,'2026-04-05 14:49:59','2026-04-05 14:49:59'),(1109,1,77,0.00,NULL,'2026-04-05 14:49:59','2026-04-05 14:49:59'),(1485,2,3,0.00,NULL,'2026-04-05 14:50:44','2026-04-05 14:50:44'),(1486,2,4,0.00,NULL,'2026-04-05 14:50:44','2026-04-05 14:50:44'),(1487,2,5,0.00,NULL,'2026-04-05 14:50:44','2026-04-05 14:50:44'),(1488,2,6,0.00,NULL,'2026-04-05 14:50:44','2026-04-05 14:50:44'),(1489,2,7,0.00,NULL,'2026-04-05 14:50:44','2026-04-05 14:50:44'),(1490,2,8,0.00,NULL,'2026-04-05 14:50:44','2026-04-05 14:50:44'),(1491,2,9,0.00,NULL,'2026-04-05 14:50:44','2026-04-05 14:50:44'),(1492,2,10,0.00,NULL,'2026-04-05 14:50:44','2026-04-05 14:50:44'),(1493,2,11,0.00,NULL,'2026-04-05 14:50:44','2026-04-05 14:50:44'),(1494,2,12,0.00,NULL,'2026-04-05 14:50:44','2026-04-05 14:50:44'),(1495,2,13,4.00,NULL,'2026-04-05 14:50:44','2026-04-05 14:50:44'),(1496,2,14,10.00,NULL,'2026-04-05 14:50:44','2026-04-05 14:50:44'),(1497,2,15,8.00,NULL,'2026-04-05 14:50:44','2026-04-05 14:50:44'),(1498,2,16,0.00,NULL,'2026-04-05 14:50:44','2026-04-05 14:50:44'),(1499,2,17,0.00,NULL,'2026-04-05 14:50:44','2026-04-05 14:50:44'),(1500,2,18,5.00,NULL,'2026-04-05 14:50:44','2026-04-05 14:50:44'),(1501,2,19,0.00,NULL,'2026-04-05 14:50:44','2026-04-05 14:50:44'),(1502,2,20,0.00,NULL,'2026-04-05 14:50:44','2026-04-05 14:50:44'),(1503,2,21,0.00,NULL,'2026-04-05 14:50:44','2026-04-05 14:50:44'),(1504,2,22,0.00,NULL,'2026-04-05 14:50:44','2026-04-05 14:50:44'),(1505,2,23,0.00,NULL,'2026-04-05 14:50:44','2026-04-05 14:50:44'),(1506,2,24,0.00,NULL,'2026-04-05 14:50:44','2026-04-05 14:50:44'),(1507,2,25,15.00,NULL,'2026-04-05 14:50:44','2026-04-05 14:50:44'),(1508,2,26,0.00,NULL,'2026-04-05 14:50:44','2026-04-05 14:50:44'),(1509,2,27,0.00,NULL,'2026-04-05 14:50:44','2026-04-05 14:50:44'),(1510,2,28,0.00,NULL,'2026-04-05 14:50:44','2026-04-05 14:50:44'),(1511,2,29,0.00,NULL,'2026-04-05 14:50:44','2026-04-05 14:50:44'),(1512,2,30,4.50,NULL,'2026-04-05 14:50:44','2026-04-05 14:50:44'),(1513,2,31,0.00,NULL,'2026-04-05 14:50:44','2026-04-05 14:50:44'),(1514,2,32,0.00,NULL,'2026-04-05 14:50:44','2026-04-05 14:50:44'),(1515,2,33,0.00,NULL,'2026-04-05 14:50:44','2026-04-05 14:50:44'),(1516,2,34,0.00,NULL,'2026-04-05 14:50:44','2026-04-05 14:50:44'),(1517,2,35,2.00,NULL,'2026-04-05 14:50:44','2026-04-05 14:50:44'),(1518,2,36,0.00,NULL,'2026-04-05 14:50:44','2026-04-05 14:50:44'),(1519,2,37,10.00,NULL,'2026-04-05 14:50:44','2026-04-05 14:50:44'),(1520,2,38,5.00,NULL,'2026-04-05 14:50:44','2026-04-05 14:50:44'),(1521,2,39,0.00,NULL,'2026-04-05 14:50:44','2026-04-05 14:50:44'),(1522,2,40,0.00,NULL,'2026-04-05 14:50:44','2026-04-05 14:50:44'),(1523,2,41,0.00,NULL,'2026-04-05 14:50:44','2026-04-05 14:50:44'),(1524,2,42,0.00,NULL,'2026-04-05 14:50:44','2026-04-05 14:50:44'),(1525,2,43,0.00,NULL,'2026-04-05 14:50:44','2026-04-05 14:50:44'),(1526,2,44,5.00,NULL,'2026-04-05 14:50:44','2026-04-05 14:50:44'),(1527,2,45,3.00,NULL,'2026-04-05 14:50:44','2026-04-05 14:50:44'),(1528,2,46,1.00,NULL,'2026-04-05 14:50:44','2026-04-05 14:50:44'),(1529,2,47,2.00,NULL,'2026-04-05 14:50:44','2026-04-05 14:50:44'),(1530,2,48,1.00,NULL,'2026-04-05 14:50:44','2026-04-05 14:50:44'),(1531,2,49,2.00,NULL,'2026-04-05 14:50:44','2026-04-05 14:50:44'),(1532,2,50,1.00,NULL,'2026-04-05 14:50:44','2026-04-05 14:50:44'),(1533,2,51,0.00,NULL,'2026-04-05 14:50:44','2026-04-05 14:50:44'),(1534,2,52,10.00,NULL,'2026-04-05 14:50:44','2026-04-05 14:50:44'),(1535,2,53,0.00,NULL,'2026-04-05 14:50:44','2026-04-05 14:50:44'),(1536,2,54,0.00,NULL,'2026-04-05 14:50:44','2026-04-05 14:50:44'),(1537,2,55,0.00,NULL,'2026-04-05 14:50:44','2026-04-05 14:50:44'),(1538,2,56,0.00,NULL,'2026-04-05 14:50:44','2026-04-05 14:50:44'),(1539,2,57,0.00,NULL,'2026-04-05 14:50:44','2026-04-05 14:50:44'),(1540,2,58,0.00,NULL,'2026-04-05 14:50:44','2026-04-05 14:50:44'),(1541,2,59,0.00,NULL,'2026-04-05 14:50:44','2026-04-05 14:50:44'),(1542,2,60,0.00,NULL,'2026-04-05 14:50:44','2026-04-05 14:50:44'),(1543,2,61,0.00,NULL,'2026-04-05 14:50:44','2026-04-05 14:50:44'),(1544,2,62,0.00,NULL,'2026-04-05 14:50:44','2026-04-05 14:50:44'),(1545,2,63,0.00,NULL,'2026-04-05 14:50:44','2026-04-05 14:50:44'),(1546,2,64,0.00,NULL,'2026-04-05 14:50:44','2026-04-05 14:50:44'),(1547,2,65,0.00,NULL,'2026-04-05 14:50:44','2026-04-05 14:50:44'),(1548,2,66,0.00,NULL,'2026-04-05 14:50:44','2026-04-05 14:50:44'),(1549,2,67,0.00,NULL,'2026-04-05 14:50:44','2026-04-05 14:50:44'),(1550,2,68,0.00,NULL,'2026-04-05 14:50:44','2026-04-05 14:50:44'),(1551,2,69,0.00,NULL,'2026-04-05 14:50:44','2026-04-05 14:50:44'),(1552,2,70,0.00,NULL,'2026-04-05 14:50:44','2026-04-05 14:50:44'),(1553,2,71,0.00,NULL,'2026-04-05 14:50:44','2026-04-05 14:50:44'),(1554,2,72,0.00,NULL,'2026-04-05 14:50:44','2026-04-05 14:50:44'),(1555,2,73,0.00,NULL,'2026-04-05 14:50:44','2026-04-05 14:50:44'),(1556,2,74,0.00,NULL,'2026-04-05 14:50:44','2026-04-05 14:50:44'),(1557,2,75,0.00,NULL,'2026-04-05 14:50:44','2026-04-05 14:50:44'),(1558,2,76,0.00,NULL,'2026-04-05 14:50:44','2026-04-05 14:50:44'),(1559,2,77,0.00,NULL,'2026-04-05 14:50:44','2026-04-05 14:50:44');
/*!40000 ALTER TABLE `dofa_evaluation_scores` ENABLE KEYS */;
UNLOCK TABLES;

--
-- Table structure for table `dofa_evaluation_sheet1`
--

DROP TABLE IF EXISTS `dofa_evaluation_sheet1`;
/*!40101 SET @saved_cs_client     = @@character_set_client */;
/*!50503 SET character_set_client = utf8mb4 */;
CREATE TABLE `dofa_evaluation_sheet1` (
  `id` int NOT NULL AUTO_INCREMENT,
  `submission_id` int NOT NULL,
  `faculty_id` int NOT NULL,
  `academic_year` varchar(20) DEFAULT NULL,
  `evaluator_id` int DEFAULT NULL,
  `comments` text,
  `created_at` timestamp NULL DEFAULT CURRENT_TIMESTAMP,
  `updated_at` timestamp NULL DEFAULT CURRENT_TIMESTAMP ON UPDATE CURRENT_TIMESTAMP,
  PRIMARY KEY (`id`),
  KEY `faculty_id` (`faculty_id`),
  KEY `evaluator_id` (`evaluator_id`),
  KEY `idx_eval_submission` (`submission_id`),
  CONSTRAINT `dofa_evaluation_sheet1_ibfk_1` FOREIGN KEY (`submission_id`) REFERENCES `submissions` (`id`) ON DELETE CASCADE,
  CONSTRAINT `dofa_evaluation_sheet1_ibfk_2` FOREIGN KEY (`faculty_id`) REFERENCES `users` (`id`) ON DELETE CASCADE,
  CONSTRAINT `dofa_evaluation_sheet1_ibfk_3` FOREIGN KEY (`evaluator_id`) REFERENCES `users` (`id`) ON DELETE SET NULL
) ENGINE=InnoDB DEFAULT CHARSET=utf8mb4 COLLATE=utf8mb4_0900_ai_ci;
/*!40101 SET character_set_client = @saved_cs_client */;

--
-- Dumping data for table `dofa_evaluation_sheet1`
--

LOCK TABLES `dofa_evaluation_sheet1` WRITE;
/*!40000 ALTER TABLE `dofa_evaluation_sheet1` DISABLE KEYS */;
/*!40000 ALTER TABLE `dofa_evaluation_sheet1` ENABLE KEYS */;
UNLOCK TABLES;

--
-- Table structure for table `dofa_evaluation_sheet2`
--

DROP TABLE IF EXISTS `dofa_evaluation_sheet2`;
/*!40101 SET @saved_cs_client     = @@character_set_client */;
/*!50503 SET character_set_client = utf8mb4 */;
CREATE TABLE `dofa_evaluation_sheet2` (
  `id` int NOT NULL AUTO_INCREMENT,
  `submission_id` int NOT NULL,
  `faculty_id` int NOT NULL,
  `academic_year` varchar(20) DEFAULT NULL,
  `final_grade` varchar(10) DEFAULT NULL,
  `evaluator_id` int DEFAULT NULL,
  `comments` text,
  `created_at` timestamp NULL DEFAULT CURRENT_TIMESTAMP,
  `updated_at` timestamp NULL DEFAULT CURRENT_TIMESTAMP ON UPDATE CURRENT_TIMESTAMP,
  `research_remarks` text,
  `overall_feedback` text,
  `teaching_feedback` text,
  PRIMARY KEY (`id`),
  KEY `faculty_id` (`faculty_id`),
  KEY `evaluator_id` (`evaluator_id`),
  KEY `idx_eval2_submission` (`submission_id`),
  CONSTRAINT `dofa_evaluation_sheet2_ibfk_1` FOREIGN KEY (`submission_id`) REFERENCES `submissions` (`id`) ON DELETE CASCADE,
  CONSTRAINT `dofa_evaluation_sheet2_ibfk_2` FOREIGN KEY (`faculty_id`) REFERENCES `users` (`id`) ON DELETE CASCADE,
  CONSTRAINT `dofa_evaluation_sheet2_ibfk_3` FOREIGN KEY (`evaluator_id`) REFERENCES `users` (`id`) ON DELETE SET NULL
) ENGINE=InnoDB AUTO_INCREMENT=37 DEFAULT CHARSET=utf8mb4 COLLATE=utf8mb4_0900_ai_ci;
/*!40101 SET character_set_client = @saved_cs_client */;

--
-- Dumping data for table `dofa_evaluation_sheet2`
--

LOCK TABLES `dofa_evaluation_sheet2` WRITE;
/*!40000 ALTER TABLE `dofa_evaluation_sheet2` DISABLE KEYS */;
INSERT INTO `dofa_evaluation_sheet2` VALUES (1,1,2,'2024-25','A',NULL,NULL,'2026-04-05 06:58:29','2026-04-05 06:58:29',NULL,NULL,NULL),(2,2,12,'2024-25','A',NULL,NULL,'2026-04-05 06:58:29','2026-04-05 06:58:29',NULL,NULL,NULL),(3,1,2,'2024-25','A',NULL,NULL,'2026-04-05 09:15:38','2026-04-05 09:15:38',NULL,NULL,NULL),(4,2,12,'2024-25','A',NULL,NULL,'2026-04-05 09:15:38','2026-04-05 09:15:38',NULL,NULL,NULL),(5,4,12,'2025-26','A',NULL,NULL,'2026-04-05 09:15:38','2026-04-05 09:15:38',NULL,NULL,NULL),(6,2,12,'2024-25','A',NULL,NULL,'2026-04-05 09:15:47','2026-04-05 09:15:47',NULL,NULL,NULL),(7,4,12,'2025-26','A',NULL,NULL,'2026-04-05 09:15:47','2026-04-05 09:15:47',NULL,NULL,NULL),(8,1,2,'2024-25','AB',NULL,NULL,'2026-04-05 09:15:59','2026-04-05 09:15:59',NULL,NULL,NULL),(9,2,12,'2024-25','A',NULL,NULL,'2026-04-05 09:15:59','2026-04-05 09:15:59',NULL,NULL,NULL),(10,4,12,'2025-26','A',NULL,NULL,'2026-04-05 09:15:59','2026-04-05 09:15:59',NULL,NULL,NULL),(11,1,2,'2024-25','B',NULL,NULL,'2026-04-05 14:12:53','2026-04-05 14:12:53',NULL,NULL,NULL),(12,2,12,'2024-25','A',NULL,NULL,'2026-04-05 14:12:53','2026-04-05 14:12:53',NULL,NULL,NULL),(13,4,12,'2025-26','A',NULL,NULL,'2026-04-05 14:12:53','2026-04-05 14:12:53',NULL,NULL,NULL),(14,1,2,'2024-25','B',NULL,NULL,'2026-04-05 14:45:28','2026-04-05 14:45:28',NULL,NULL,NULL),(15,2,12,'2024-25','A',NULL,NULL,'2026-04-05 14:45:28','2026-04-05 14:45:28',NULL,NULL,NULL),(16,4,12,'2025-26','A',NULL,NULL,'2026-04-05 14:45:28','2026-04-05 14:45:28',NULL,NULL,NULL),(17,2,12,'2024-25','A',NULL,NULL,'2026-04-05 14:48:56','2026-04-05 14:48:56',NULL,NULL,NULL),(18,3,4,'2025-26','B',NULL,NULL,'2026-04-05 14:48:56','2026-04-05 14:48:56',NULL,NULL,NULL),(19,1,2,'2024-25','B',NULL,NULL,'2026-04-05 14:48:56','2026-04-05 14:48:56',NULL,NULL,NULL),(20,4,12,'2025-26','A',NULL,NULL,'2026-04-05 14:48:56','2026-04-05 14:48:56',NULL,NULL,NULL),(21,2,12,'2024-25','A',NULL,NULL,'2026-04-05 14:49:38','2026-04-05 14:49:38',NULL,NULL,NULL),(22,3,4,'2025-26','B',NULL,NULL,'2026-04-05 14:49:38','2026-04-05 14:49:38',NULL,NULL,NULL),(23,1,2,'2024-25','B',NULL,NULL,'2026-04-05 14:49:38','2026-04-05 14:49:38',NULL,NULL,NULL),(24,4,12,'2025-26','A',NULL,NULL,'2026-04-05 14:49:38','2026-04-05 14:49:38',NULL,NULL,NULL),(25,2,12,'2024-25','A',NULL,NULL,'2026-04-05 14:50:18','2026-04-05 14:50:18',NULL,NULL,NULL),(26,3,4,'2025-26','B',NULL,NULL,'2026-04-05 14:50:18','2026-04-05 14:50:18',NULL,NULL,NULL),(27,1,2,'2024-25','B',NULL,NULL,'2026-04-05 14:50:18','2026-04-05 14:50:18',NULL,NULL,NULL),(28,4,12,'2025-26','A',NULL,NULL,'2026-04-05 14:50:18','2026-04-05 14:50:18',NULL,NULL,NULL),(29,2,12,'2024-25','A',NULL,NULL,'2026-04-05 14:56:06','2026-04-05 14:56:06',NULL,NULL,NULL),(30,3,4,'2025-26','B',NULL,NULL,'2026-04-05 14:56:06','2026-04-05 14:56:06',NULL,NULL,NULL),(31,1,2,'2024-25','B',NULL,NULL,'2026-04-05 14:56:06','2026-04-05 14:56:06',NULL,NULL,NULL),(32,4,12,'2025-26','A',NULL,NULL,'2026-04-05 14:56:06','2026-04-05 14:56:06',NULL,NULL,NULL),(33,2,12,'2024-25','A',NULL,NULL,'2026-04-05 14:56:13','2026-04-05 14:56:13',NULL,NULL,NULL),(34,3,4,'2025-26','B',NULL,NULL,'2026-04-05 14:56:13','2026-04-05 14:56:13',NULL,NULL,NULL),(35,1,2,'2024-25','B',NULL,NULL,'2026-04-05 14:56:13','2026-04-05 14:56:13',NULL,NULL,NULL),(36,4,12,'2025-26','A',NULL,NULL,'2026-04-05 14:56:13','2026-04-05 14:56:13',NULL,NULL,NULL);
/*!40000 ALTER TABLE `dofa_evaluation_sheet2` ENABLE KEYS */;
UNLOCK TABLES;

--
-- Table structure for table `dofa_evaluation_sheet3`
--

DROP TABLE IF EXISTS `dofa_evaluation_sheet3`;
/*!40101 SET @saved_cs_client     = @@character_set_client */;
/*!50503 SET character_set_client = utf8mb4 */;
CREATE TABLE `dofa_evaluation_sheet3` (
  `id` int NOT NULL AUTO_INCREMENT,
  `submission_id` int NOT NULL,
  `faculty_id` int NOT NULL,
  `academic_year` varchar(20) DEFAULT NULL,
  `increment_percentage` decimal(5,2) DEFAULT NULL,
  `evaluator_id` int DEFAULT NULL,
  `comments` text,
  `created_at` timestamp NULL DEFAULT CURRENT_TIMESTAMP,
  `updated_at` timestamp NULL DEFAULT CURRENT_TIMESTAMP ON UPDATE CURRENT_TIMESTAMP,
  PRIMARY KEY (`id`),
  KEY `faculty_id` (`faculty_id`),
  KEY `evaluator_id` (`evaluator_id`),
  KEY `idx_eval3_submission` (`submission_id`),
  CONSTRAINT `dofa_evaluation_sheet3_ibfk_1` FOREIGN KEY (`submission_id`) REFERENCES `submissions` (`id`) ON DELETE CASCADE,
  CONSTRAINT `dofa_evaluation_sheet3_ibfk_2` FOREIGN KEY (`faculty_id`) REFERENCES `users` (`id`) ON DELETE CASCADE,
  CONSTRAINT `dofa_evaluation_sheet3_ibfk_3` FOREIGN KEY (`evaluator_id`) REFERENCES `users` (`id`) ON DELETE SET NULL
) ENGINE=InnoDB AUTO_INCREMENT=44 DEFAULT CHARSET=utf8mb4 COLLATE=utf8mb4_0900_ai_ci;
/*!40101 SET character_set_client = @saved_cs_client */;

--
-- Dumping data for table `dofa_evaluation_sheet3`
--

LOCK TABLES `dofa_evaluation_sheet3` WRITE;
/*!40000 ALTER TABLE `dofa_evaluation_sheet3` DISABLE KEYS */;
INSERT INTO `dofa_evaluation_sheet3` VALUES (1,1,2,'2024-25',10.00,NULL,NULL,'2026-04-05 09:16:21','2026-04-05 09:16:21'),(2,1,2,'2024-25',10.00,NULL,NULL,'2026-04-05 09:16:21','2026-04-05 09:16:21'),(3,1,2,'2024-25',4.00,NULL,NULL,'2026-04-05 09:16:21','2026-04-05 09:16:21'),(4,2,12,'2024-25',10.00,NULL,NULL,'2026-04-05 09:16:21','2026-04-05 09:16:21'),(5,2,12,'2024-25',10.00,NULL,NULL,'2026-04-05 09:16:21','2026-04-05 09:16:21'),(6,2,12,'2024-25',10.00,NULL,NULL,'2026-04-05 09:16:21','2026-04-05 09:16:21'),(7,2,12,'2024-25',10.00,NULL,NULL,'2026-04-05 09:16:21','2026-04-05 09:16:21'),(8,4,12,'2025-26',10.00,NULL,NULL,'2026-04-05 09:16:21','2026-04-05 09:16:21'),(9,4,12,'2025-26',10.00,NULL,NULL,'2026-04-05 09:16:21','2026-04-05 09:16:21'),(10,4,12,'2025-26',10.00,NULL,NULL,'2026-04-05 09:16:21','2026-04-05 09:16:21'),(11,1,2,'2024-25',10.00,NULL,NULL,'2026-04-05 14:13:39','2026-04-05 14:13:39'),(12,1,2,'2024-25',10.00,NULL,NULL,'2026-04-05 14:13:39','2026-04-05 14:13:39'),(13,1,2,'2024-25',4.00,NULL,NULL,'2026-04-05 14:13:39','2026-04-05 14:13:39'),(14,1,2,'2024-25',3.00,NULL,NULL,'2026-04-05 14:13:39','2026-04-05 14:13:39'),(15,2,12,'2024-25',10.00,NULL,NULL,'2026-04-05 14:13:39','2026-04-05 14:13:39'),(16,2,12,'2024-25',10.00,NULL,NULL,'2026-04-05 14:13:39','2026-04-05 14:13:39'),(17,2,12,'2024-25',10.00,NULL,NULL,'2026-04-05 14:13:39','2026-04-05 14:13:39'),(18,2,12,'2024-25',10.00,NULL,NULL,'2026-04-05 14:13:39','2026-04-05 14:13:39'),(19,2,12,'2024-25',10.00,NULL,NULL,'2026-04-05 14:13:39','2026-04-05 14:13:39'),(20,4,12,'2025-26',10.00,NULL,NULL,'2026-04-05 14:13:39','2026-04-05 14:13:39'),(21,4,12,'2025-26',10.00,NULL,NULL,'2026-04-05 14:13:39','2026-04-05 14:13:39'),(22,4,12,'2025-26',10.00,NULL,NULL,'2026-04-05 14:13:39','2026-04-05 14:13:39'),(23,4,12,'2025-26',10.00,NULL,NULL,'2026-04-05 14:13:39','2026-04-05 14:13:39'),(24,1,2,'2024-25',10.00,NULL,NULL,'2026-04-05 14:49:03','2026-04-05 14:49:03'),(25,1,2,'2024-25',10.00,NULL,NULL,'2026-04-05 14:49:03','2026-04-05 14:49:03'),(26,1,2,'2024-25',4.00,NULL,NULL,'2026-04-05 14:49:03','2026-04-05 14:49:03'),(27,1,2,'2024-25',3.00,NULL,NULL,'2026-04-05 14:49:03','2026-04-05 14:49:03'),(28,1,2,'2024-25',3.00,NULL,NULL,'2026-04-05 14:49:03','2026-04-05 14:49:03'),(29,1,2,'2024-25',3.00,NULL,NULL,'2026-04-05 14:49:03','2026-04-05 14:49:03'),(30,2,12,'2024-25',10.00,NULL,NULL,'2026-04-05 14:49:03','2026-04-05 14:49:03'),(31,2,12,'2024-25',10.00,NULL,NULL,'2026-04-05 14:49:03','2026-04-05 14:49:03'),(32,2,12,'2024-25',10.00,NULL,NULL,'2026-04-05 14:49:03','2026-04-05 14:49:03'),(33,2,12,'2024-25',10.00,NULL,NULL,'2026-04-05 14:49:03','2026-04-05 14:49:03'),(34,2,12,'2024-25',10.00,NULL,NULL,'2026-04-05 14:49:03','2026-04-05 14:49:03'),(35,2,12,'2024-25',10.00,NULL,NULL,'2026-04-05 14:49:03','2026-04-05 14:49:03'),(36,2,12,'2024-25',10.00,NULL,NULL,'2026-04-05 14:49:03','2026-04-05 14:49:03'),(37,3,4,'2025-26',3.00,NULL,NULL,'2026-04-05 14:49:03','2026-04-05 14:49:03'),(38,4,12,'2025-26',10.00,NULL,NULL,'2026-04-05 14:49:03','2026-04-05 14:49:03'),(39,4,12,'2025-26',10.00,NULL,NULL,'2026-04-05 14:49:03','2026-04-05 14:49:03'),(40,4,12,'2025-26',10.00,NULL,NULL,'2026-04-05 14:49:03','2026-04-05 14:49:03'),(41,4,12,'2025-26',10.00,NULL,NULL,'2026-04-05 14:49:03','2026-04-05 14:49:03'),(42,4,12,'2025-26',10.00,NULL,NULL,'2026-04-05 14:49:03','2026-04-05 14:49:03'),(43,4,12,'2025-26',10.00,NULL,NULL,'2026-04-05 14:49:03','2026-04-05 14:49:03');
/*!40000 ALTER TABLE `dofa_evaluation_sheet3` ENABLE KEYS */;
UNLOCK TABLES;

--
-- Table structure for table `dofa_grade_increments`
--

DROP TABLE IF EXISTS `dofa_grade_increments`;
/*!40101 SET @saved_cs_client     = @@character_set_client */;
/*!50503 SET character_set_client = utf8mb4 */;
CREATE TABLE `dofa_grade_increments` (
  `id` int NOT NULL AUTO_INCREMENT,
  `grade` varchar(10) DEFAULT NULL,
  `increment_percentage` decimal(5,2) DEFAULT NULL,
  `created_at` timestamp NULL DEFAULT CURRENT_TIMESTAMP,
  `updated_at` timestamp NULL DEFAULT CURRENT_TIMESTAMP ON UPDATE CURRENT_TIMESTAMP,
  PRIMARY KEY (`id`)
) ENGINE=InnoDB AUTO_INCREMENT=9 DEFAULT CHARSET=utf8mb4 COLLATE=utf8mb4_0900_ai_ci;
/*!40101 SET character_set_client = @saved_cs_client */;

--
-- Dumping data for table `dofa_grade_increments`
--

LOCK TABLES `dofa_grade_increments` WRITE;
/*!40000 ALTER TABLE `dofa_grade_increments` DISABLE KEYS */;
INSERT INTO `dofa_grade_increments` VALUES (6,'A',10.00,'2026-04-05 14:49:03','2026-04-05 14:49:03'),(7,'AB',4.00,'2026-04-05 14:49:03','2026-04-05 14:49:03'),(8,'B',3.00,'2026-04-05 14:49:03','2026-04-05 14:49:03');
/*!40000 ALTER TABLE `dofa_grade_increments` ENABLE KEYS */;
UNLOCK TABLES;

--
-- Table structure for table `dofa_grading_parameters`
--

DROP TABLE IF EXISTS `dofa_grading_parameters`;
/*!40101 SET @saved_cs_client     = @@character_set_client */;
/*!50503 SET character_set_client = utf8mb4 */;
CREATE TABLE `dofa_grading_parameters` (
  `id` int NOT NULL AUTO_INCREMENT,
  `condition_op` enum('>','<','>=','<=','=') NOT NULL,
  `threshold_value` decimal(10,2) NOT NULL,
  `grade` varchar(20) NOT NULL,
  `created_at` timestamp NULL DEFAULT CURRENT_TIMESTAMP,
  `updated_at` timestamp NULL DEFAULT CURRENT_TIMESTAMP ON UPDATE CURRENT_TIMESTAMP,
  PRIMARY KEY (`id`)
) ENGINE=InnoDB AUTO_INCREMENT=21 DEFAULT CHARSET=utf8mb4 COLLATE=utf8mb4_0900_ai_ci;
/*!40101 SET character_set_client = @saved_cs_client */;

--
-- Dumping data for table `dofa_grading_parameters`
--

LOCK TABLES `dofa_grading_parameters` WRITE;
/*!40000 ALTER TABLE `dofa_grading_parameters` DISABLE KEYS */;
INSERT INTO `dofa_grading_parameters` VALUES (19,'>',68.00,'A','2026-04-05 14:50:18','2026-04-05 14:50:18'),(20,'<=',68.00,'B','2026-04-05 14:50:18','2026-04-05 14:50:18');
/*!40000 ALTER TABLE `dofa_grading_parameters` ENABLE KEYS */;
UNLOCK TABLES;

--
-- Table structure for table `dofa_rubrics`
--

DROP TABLE IF EXISTS `dofa_rubrics`;
/*!40101 SET @saved_cs_client     = @@character_set_client */;
/*!50503 SET character_set_client = utf8mb4 */;
CREATE TABLE `dofa_rubrics` (
  `id` int NOT NULL AUTO_INCREMENT,
  `section_name` varchar(255) NOT NULL,
  `sub_section` varchar(1000) DEFAULT NULL,
  `max_marks` decimal(10,2) DEFAULT NULL,
  `weightage` decimal(10,2) DEFAULT NULL,
  `academic_year` varchar(20) DEFAULT NULL,
  `created_at` timestamp NULL DEFAULT CURRENT_TIMESTAMP,
  `updated_at` timestamp NULL DEFAULT CURRENT_TIMESTAMP ON UPDATE CURRENT_TIMESTAMP,
  PRIMARY KEY (`id`)
) ENGINE=InnoDB AUTO_INCREMENT=78 DEFAULT CHARSET=utf8mb4 COLLATE=utf8mb4_0900_ai_ci;
/*!40101 SET character_set_client = @saved_cs_client */;

--
-- Dumping data for table `dofa_rubrics`
--

LOCK TABLES `dofa_rubrics` WRITE;
/*!40000 ALTER TABLE `dofa_rubrics` DISABLE KEYS */;
INSERT INTO `dofa_rubrics` VALUES (3,'1. Teaching Feedback','If no. of students is greater than or equal to 50: Feedback>=4',5.00,NULL,NULL,'2026-04-05 09:12:13','2026-04-05 09:12:13'),(4,'1. Teaching Feedback','If no. of students is greater than or equal to 50: 3.5<=Feedback<4',4.00,NULL,NULL,'2026-04-05 09:12:13','2026-04-05 09:12:13'),(5,'1. Teaching Feedback','If no. of students is greater than or equal to 50: 3<=Feedback<3.5',3.00,NULL,NULL,'2026-04-05 09:12:13','2026-04-05 09:12:13'),(6,'1. Teaching Feedback','If no. of students is less than 50: Feedback>=4',4.00,NULL,NULL,'2026-04-05 09:12:13','2026-04-05 09:12:13'),(7,'1. Teaching Feedback','If no. of students is less than 50: 3.5<=Feedback<4',3.00,NULL,NULL,'2026-04-05 09:12:13','2026-04-05 09:12:13'),(8,'1. Teaching Feedback','If no. of students is less than 50: 3<=Feedback<3.5',2.00,NULL,NULL,'2026-04-05 09:12:13','2026-04-05 09:12:13'),(9,'2. Research Guidance','BTP (points for each project)',2.00,NULL,NULL,'2026-04-05 09:12:13','2026-04-05 09:12:13'),(10,'2. Research Guidance','PhD guidance (points for each project)',15.00,NULL,NULL,'2026-04-05 09:12:13','2026-04-05 09:12:13'),(11,'2. Research Guidance','Co-guide',7.50,NULL,NULL,'2026-04-05 09:12:13','2026-04-05 09:12:13'),(12,'2. Research Guidance','M.Tech./M.Sc. Project guidance (points for each student)',5.00,NULL,NULL,'2026-04-05 09:12:13','2026-04-05 09:12:13'),(13,'3. New Courses designed','New Courses designed',4.00,NULL,NULL,'2026-04-05 09:12:13','2026-04-05 09:12:13'),(14,'4. Research publications','Journals: Q1',10.00,NULL,NULL,'2026-04-05 09:12:13','2026-04-05 09:12:13'),(15,'4. Research publications','Journals: Q2',8.00,NULL,NULL,'2026-04-05 09:12:13','2026-04-05 09:12:13'),(16,'4. Research publications','Journals: Q3',6.00,NULL,NULL,'2026-04-05 09:12:13','2026-04-05 09:12:13'),(17,'4. Research publications','Journals: Q4/Scopus/Peer reviewed',4.00,NULL,NULL,'2026-04-05 09:12:13','2026-04-05 09:12:13'),(18,'5. Conference','Tier 1',5.00,NULL,NULL,'2026-04-05 09:12:13','2026-04-05 09:12:13'),(19,'5. Conference','Tier 2',3.00,NULL,NULL,'2026-04-05 09:12:13','2026-04-05 09:12:13'),(20,'5. Conference','Tier 3',2.00,NULL,NULL,'2026-04-05 09:12:13','2026-04-05 09:12:13'),(21,'6. Others','Paper/Poster Presentation',2.00,NULL,NULL,'2026-04-05 09:12:13','2026-04-05 09:12:13'),(22,'6. Others','Book chapter',3.00,NULL,NULL,'2026-04-05 09:12:13','2026-04-05 09:12:13'),(23,'6. Others','Book edited',5.00,NULL,NULL,'2026-04-05 09:12:13','2026-04-05 09:12:13'),(24,'6. Others','Textbook published',6.00,NULL,NULL,'2026-04-05 09:12:13','2026-04-05 09:12:13'),(25,'7. Sponsored project (approved in AY)','Grants received: Value>=20lacs (points for each project for PI)',15.00,NULL,NULL,'2026-04-05 09:12:13','2026-04-05 09:12:13'),(26,'7. Sponsored project (approved in AY)','Grants received: Values>=20lacs (points for each project for co-PI)',7.50,NULL,NULL,'2026-04-05 09:12:13','2026-04-05 09:12:13'),(27,'7. Sponsored project (approved in AY)','Grants received: 10lacs<=value<20lacs (PI)',12.00,NULL,NULL,'2026-04-05 09:12:13','2026-04-05 09:12:13'),(28,'7. Sponsored project (approved in AY)','Grants received: 10lacs<=value<20lacs (co-PI)',6.00,NULL,NULL,'2026-04-05 09:12:13','2026-04-05 09:12:13'),(29,'7. Sponsored project (approved in AY)','Grants received: 5lacs<=value<10lacs (PI)',9.00,NULL,NULL,'2026-04-05 09:12:13','2026-04-05 09:12:13'),(30,'7. Sponsored project (approved in AY)','Grants received: 5lacs<=value<10lacs (co-PI)',4.50,NULL,NULL,'2026-04-05 09:12:13','2026-04-05 09:12:13'),(31,'7. Sponsored project (approved in AY)','Grants received: 2lacs<=value<5lacs (PI)',6.00,NULL,NULL,'2026-04-05 09:12:13','2026-04-05 09:12:13'),(32,'7. Sponsored project (approved in AY)','Grants received: 2lacs<=value<5lacs (co-PI)',3.00,NULL,NULL,'2026-04-05 09:12:13','2026-04-05 09:12:13'),(33,'7. Sponsored project (approved in AY)','Grants received: 50000<=value<2lacs (PI)',3.00,NULL,NULL,'2026-04-05 09:12:13','2026-04-05 09:12:13'),(34,'7. Sponsored project (approved in AY)','Grants received: 50000<=value<2lacs (co-PI)',1.50,NULL,NULL,'2026-04-05 09:12:13','2026-04-05 09:12:13'),(35,'7. Sponsored project (approved in AY)','Proposals submitted: Submitted in that AY (PI)',2.00,NULL,NULL,'2026-04-05 09:12:13','2026-04-05 09:12:13'),(36,'7. Sponsored project (approved in AY)','Proposals submitted: Submitted in that AY (co-PI)',1.00,NULL,NULL,'2026-04-05 09:12:13','2026-04-05 09:12:13'),(37,'8. Patent','Granted in that AY',10.00,NULL,NULL,'2026-04-05 09:12:13','2026-04-05 09:12:13'),(38,'8. Patent','Published in that AY',5.00,NULL,NULL,'2026-04-05 09:12:13','2026-04-05 09:12:13'),(39,'8. Patent','Filed in that AY',2.50,NULL,NULL,'2026-04-05 09:12:13','2026-04-05 09:12:13'),(40,'9. Technology Contribution','Technology developed and transferred',10.00,NULL,NULL,'2026-04-05 09:12:13','2026-04-05 09:12:13'),(41,'9. Technology Contribution','Software developed and deployed',2.00,NULL,NULL,'2026-04-05 09:12:13','2026-04-05 09:12:13'),(42,'10. Review of research papers','Q1,Q2 refereed international research journals (up to a maximum of 10 points)',1.00,NULL,NULL,'2026-04-05 09:12:13','2026-04-05 09:12:13'),(43,'10. Review of research papers','Q3,Q4,conference papers (up to a maximum of 10 points)',0.50,NULL,NULL,'2026-04-05 09:12:13','2026-04-05 09:12:13'),(44,'11. Talks and conferences','Convenor (coordinator)/co-coordinator/organizing chair of workshop/conference/FDP',5.00,NULL,NULL,'2026-04-05 09:12:13','2026-04-05 09:12:13'),(45,'11. Talks and conferences','Co-convenor of workshop/conference/FDP',3.00,NULL,NULL,'2026-04-05 09:12:13','2026-04-05 09:12:13'),(46,'11. Talks and conferences','Organizing committee member of workshop/conference/FDP',1.00,NULL,NULL,'2026-04-05 09:12:13','2026-04-05 09:12:13'),(47,'11. Talks and conferences','Invited talks: FDPs/Conferences (up to a maximum of 10 points)',2.00,NULL,NULL,'2026-04-05 09:12:13','2026-04-05 09:12:13'),(48,'11. Talks and conferences','Invited talks: Other invited talks (up to a maximum of 5 points)',1.00,NULL,NULL,'2026-04-05 09:12:13','2026-04-05 09:12:13'),(49,'11. Talks and conferences','Conference outside LNMIIT: PC Chair, Session Chair, General Chair',2.00,NULL,NULL,'2026-04-05 09:12:13','2026-04-05 09:12:13'),(50,'11. Talks and conferences','Conference outside LNMIIT: TPC member, Other member',1.00,NULL,NULL,'2026-04-05 09:12:13','2026-04-05 09:12:13'),(51,'12. Visits/Honours/Consultancy','Visits to other institutions for Research/Industries for Collaborative work (up to a max of 10)',1.00,NULL,NULL,'2026-04-05 09:12:13','2026-04-05 09:12:13'),(52,'12. Visits/Honours/Consultancy','International Honours',10.00,NULL,NULL,'2026-04-05 09:12:13','2026-04-05 09:12:13'),(53,'12. Visits/Honours/Consultancy','National Honours',5.00,NULL,NULL,'2026-04-05 09:12:13','2026-04-05 09:12:13'),(54,'12. Visits/Honours/Consultancy','Consultancy Project: Project Value >5 lacs (PI)',10.00,NULL,NULL,'2026-04-05 09:12:13','2026-04-05 09:12:13'),(55,'12. Visits/Honours/Consultancy','Consultancy Project: Project Value >5 lacs (co-PI)',5.00,NULL,NULL,'2026-04-05 09:12:13','2026-04-05 09:12:13'),(56,'12. Visits/Honours/Consultancy','Consultancy Project: 2 lacs<=Project Value<=5lacs (PI)',6.00,NULL,NULL,'2026-04-05 09:12:13','2026-04-05 09:12:13'),(57,'12. Visits/Honours/Consultancy','Consultancy Project: 2 lacs<=Project Value<=5lacs (co-PI)',3.00,NULL,NULL,'2026-04-05 09:12:13','2026-04-05 09:12:13'),(58,'12. Visits/Honours/Consultancy','Consultancy Project: Project value <2 lacs (PI)',3.00,NULL,NULL,'2026-04-05 09:12:13','2026-04-05 09:12:13'),(59,'12. Visits/Honours/Consultancy','Consultancy Project: Project value <2 lacs (co-PI)',1.50,NULL,NULL,'2026-04-05 09:12:13','2026-04-05 09:12:13'),(60,'13. Other Institutional Contributions','Administrative Positions: Dean',15.00,NULL,NULL,'2026-04-05 09:12:13','2026-04-05 09:12:13'),(61,'13. Other Institutional Contributions','Administrative Positions: Associate Dean',10.00,NULL,NULL,'2026-04-05 09:12:13','2026-04-05 09:12:13'),(62,'13. Other Institutional Contributions','Administrative Positions: Assistant Dean',5.00,NULL,NULL,'2026-04-05 09:12:13','2026-04-05 09:12:13'),(63,'13. Other Institutional Contributions','Administrative Positions: HoD',15.00,NULL,NULL,'2026-04-05 09:12:13','2026-04-05 09:12:13'),(64,'13. Other Institutional Contributions','Administrative Positions: Chief Warden',10.00,NULL,NULL,'2026-04-05 09:12:13','2026-04-05 09:12:13'),(65,'13. Other Institutional Contributions','Administrative Positions: Associate Chief Warden',7.00,NULL,NULL,'2026-04-05 09:12:13','2026-04-05 09:12:13'),(66,'13. Other Institutional Contributions','Administrative Positions: Warden',5.00,NULL,NULL,'2026-04-05 09:12:13','2026-04-05 09:12:13'),(67,'13. Other Institutional Contributions','Administrative Positions: Assistant Warden',3.00,NULL,NULL,'2026-04-05 09:12:13','2026-04-05 09:12:13'),(68,'13. Other Institutional Contributions','Administrative Positions: Centre Lead',10.00,NULL,NULL,'2026-04-05 09:12:13','2026-04-05 09:12:13'),(69,'13. Other Institutional Contributions','Administrative Positions: Centre Co-Lead',5.00,NULL,NULL,'2026-04-05 09:12:13','2026-04-05 09:12:13'),(70,'13. Other Institutional Contributions','Other Significant: Chairperson of one or more significant committees',10.00,NULL,NULL,'2026-04-05 09:12:13','2026-04-05 09:12:13'),(71,'13. Other Institutional Contributions','Other Significant: Convenor of one or more significant committees',6.00,NULL,NULL,'2026-04-05 09:12:13','2026-04-05 09:12:13'),(72,'13. Other Institutional Contributions','Other Significant: Committee Member (up to a maximum of 5 points)',1.00,NULL,NULL,'2026-04-05 09:12:13','2026-04-05 09:12:13'),(73,'13. Other Institutional Contributions','Other Significant: Faculty Mentor of any Cell (Mentorship)',2.00,NULL,NULL,'2026-04-05 09:12:13','2026-04-05 09:12:13'),(74,'13. Other Institutional Contributions','Other Significant: Member of Major responsibilities (Admissions, Accreditations, etc)',6.00,NULL,NULL,'2026-04-05 09:12:13','2026-04-05 09:12:13'),(75,'13. Other Institutional Contributions','Other Significant: Conduct of new certificate programmes',5.00,NULL,NULL,'2026-04-05 09:12:13','2026-04-05 09:12:13'),(76,'13. Other Institutional Contributions','Other Significant: Scholarly articles in reputed newspapers/magazines (max 9 points)',3.00,NULL,NULL,'2026-04-05 09:12:13','2026-04-05 09:12:13'),(77,'14. Other activities','Other activities (up to a maximum of 10 points) [1-3 points]',3.00,NULL,NULL,'2026-04-05 09:12:13','2026-04-05 09:12:13');
/*!40000 ALTER TABLE `dofa_rubrics` ENABLE KEYS */;
UNLOCK TABLES;

--
-- Table structure for table `dynamic_fields`
--

DROP TABLE IF EXISTS `dynamic_fields`;
/*!40101 SET @saved_cs_client     = @@character_set_client */;
/*!50503 SET character_set_client = utf8mb4 */;
CREATE TABLE `dynamic_fields` (
  `id` int NOT NULL AUTO_INCREMENT,
  `section_id` int NOT NULL,
  `field_type` enum('text','number','textarea','table','comment') NOT NULL,
  `label` varchar(255) NOT NULL,
  `config` json DEFAULT NULL,
  `sequence` int DEFAULT '0',
  `is_required` tinyint(1) DEFAULT '0',
  `created_at` timestamp NULL DEFAULT CURRENT_TIMESTAMP,
  `updated_at` timestamp NULL DEFAULT CURRENT_TIMESTAMP ON UPDATE CURRENT_TIMESTAMP,
  PRIMARY KEY (`id`),
  KEY `section_id` (`section_id`),
  CONSTRAINT `dynamic_fields_ibfk_1` FOREIGN KEY (`section_id`) REFERENCES `dynamic_sections` (`id`) ON DELETE CASCADE
) ENGINE=InnoDB AUTO_INCREMENT=3 DEFAULT CHARSET=utf8mb4 COLLATE=utf8mb4_0900_ai_ci;
/*!40101 SET character_set_client = @saved_cs_client */;

--
-- Dumping data for table `dynamic_fields`
--

LOCK TABLES `dynamic_fields` WRITE;
/*!40000 ALTER TABLE `dynamic_fields` DISABLE KEYS */;
INSERT INTO `dynamic_fields` VALUES (1,1,'text','New Field','{}',0,0,'2026-04-05 08:26:38','2026-04-05 08:26:38'),(2,1,'textarea','New Field','{}',1,0,'2026-04-05 08:26:40','2026-04-05 08:26:40');
/*!40000 ALTER TABLE `dynamic_fields` ENABLE KEYS */;
UNLOCK TABLES;

--
-- Table structure for table `dynamic_responses`
--

DROP TABLE IF EXISTS `dynamic_responses`;
/*!40101 SET @saved_cs_client     = @@character_set_client */;
/*!50503 SET character_set_client = utf8mb4 */;
CREATE TABLE `dynamic_responses` (
  `id` int NOT NULL AUTO_INCREMENT,
  `faculty_id` int NOT NULL,
  `field_id` int NOT NULL,
  `submission_id` int DEFAULT NULL,
  `value` json DEFAULT NULL,
  `created_at` timestamp NULL DEFAULT CURRENT_TIMESTAMP,
  `updated_at` timestamp NULL DEFAULT CURRENT_TIMESTAMP ON UPDATE CURRENT_TIMESTAMP,
  PRIMARY KEY (`id`),
  UNIQUE KEY `unique_resp` (`faculty_id`,`field_id`,`submission_id`),
  KEY `field_id` (`field_id`),
  KEY `submission_id` (`submission_id`),
  CONSTRAINT `dynamic_responses_ibfk_1` FOREIGN KEY (`faculty_id`) REFERENCES `users` (`id`) ON DELETE CASCADE,
  CONSTRAINT `dynamic_responses_ibfk_2` FOREIGN KEY (`field_id`) REFERENCES `dynamic_fields` (`id`) ON DELETE CASCADE,
  CONSTRAINT `dynamic_responses_ibfk_3` FOREIGN KEY (`submission_id`) REFERENCES `submissions` (`id`) ON DELETE CASCADE
) ENGINE=InnoDB DEFAULT CHARSET=utf8mb4 COLLATE=utf8mb4_0900_ai_ci;
/*!40101 SET character_set_client = @saved_cs_client */;

--
-- Dumping data for table `dynamic_responses`
--

LOCK TABLES `dynamic_responses` WRITE;
/*!40000 ALTER TABLE `dynamic_responses` DISABLE KEYS */;
/*!40000 ALTER TABLE `dynamic_responses` ENABLE KEYS */;
UNLOCK TABLES;

--
-- Table structure for table `dynamic_sections`
--

DROP TABLE IF EXISTS `dynamic_sections`;
/*!40101 SET @saved_cs_client     = @@character_set_client */;
/*!50503 SET character_set_client = utf8mb4 */;
CREATE TABLE `dynamic_sections` (
  `id` int NOT NULL AUTO_INCREMENT,
  `title` varchar(255) NOT NULL,
  `form_type` enum('A','B') DEFAULT 'A',
  `sequence` int DEFAULT '0',
  `is_active` tinyint(1) DEFAULT '1',
  `created_at` timestamp NULL DEFAULT CURRENT_TIMESTAMP,
  `updated_at` timestamp NULL DEFAULT CURRENT_TIMESTAMP ON UPDATE CURRENT_TIMESTAMP,
  PRIMARY KEY (`id`)
) ENGINE=InnoDB AUTO_INCREMENT=2 DEFAULT CHARSET=utf8mb4 COLLATE=utf8mb4_0900_ai_ci;
/*!40101 SET character_set_client = @saved_cs_client */;

--
-- Dumping data for table `dynamic_sections`
--

LOCK TABLES `dynamic_sections` WRITE;
/*!40000 ALTER TABLE `dynamic_sections` DISABLE KEYS */;
INSERT INTO `dynamic_sections` VALUES (1,'h','A',0,1,'2026-04-05 08:26:36','2026-04-05 08:26:36');
/*!40000 ALTER TABLE `dynamic_sections` ENABLE KEYS */;
UNLOCK TABLES;

--
-- Table structure for table `edit_requests`
--

DROP TABLE IF EXISTS `edit_requests`;
/*!40101 SET @saved_cs_client     = @@character_set_client */;
/*!50503 SET character_set_client = utf8mb4 */;
CREATE TABLE `edit_requests` (
  `id` int NOT NULL AUTO_INCREMENT,
  `submission_id` int NOT NULL,
  `faculty_id` int NOT NULL,
  `requested_sections` json NOT NULL COMMENT 'Array of section keys requested for edit',
  `request_message` text,
  `status` enum('pending','approved','denied') DEFAULT 'pending',
  `approved_sections` json DEFAULT NULL COMMENT 'Array of section keys approved for edit',
  `reviewed_by` int DEFAULT NULL,
  `reviewed_at` timestamp NULL DEFAULT NULL,
  `dofa_note` text,
  `created_at` timestamp NULL DEFAULT CURRENT_TIMESTAMP,
  `updated_at` timestamp NULL DEFAULT CURRENT_TIMESTAMP ON UPDATE CURRENT_TIMESTAMP,
  PRIMARY KEY (`id`),
  KEY `submission_id` (`submission_id`),
  KEY `faculty_id` (`faculty_id`),
  KEY `reviewed_by` (`reviewed_by`),
  CONSTRAINT `edit_requests_ibfk_1` FOREIGN KEY (`submission_id`) REFERENCES `submissions` (`id`) ON DELETE CASCADE,
  CONSTRAINT `edit_requests_ibfk_2` FOREIGN KEY (`faculty_id`) REFERENCES `users` (`id`) ON DELETE CASCADE,
  CONSTRAINT `edit_requests_ibfk_3` FOREIGN KEY (`reviewed_by`) REFERENCES `users` (`id`) ON DELETE SET NULL
) ENGINE=InnoDB AUTO_INCREMENT=4 DEFAULT CHARSET=utf8mb4 COLLATE=utf8mb4_0900_ai_ci;
/*!40101 SET character_set_client = @saved_cs_client */;

--
-- Dumping data for table `edit_requests`
--

LOCK TABLES `edit_requests` WRITE;
/*!40000 ALTER TABLE `edit_requests` DISABLE KEYS */;
INSERT INTO `edit_requests` VALUES (1,4,12,'[\"part_b\", \"teaching_plan\"]',NULL,'approved','[\"part_b\", \"teaching_plan\"]',3,'2026-04-05 08:52:24',NULL,'2026-04-05 08:51:00','2026-04-05 08:52:24'),(2,4,12,'[\"consultancy\"]',NULL,'denied',NULL,3,'2026-04-05 08:58:50',NULL,'2026-04-05 08:58:25','2026-04-05 08:58:50'),(3,4,12,'[\"courseware\", \"faculty_info\", \"conference_sessions\"]',NULL,'approved','[\"courseware\", \"conference_sessions\"]',3,'2026-04-05 14:38:48',NULL,'2026-04-05 14:36:49','2026-04-05 14:38:48');
/*!40000 ALTER TABLE `edit_requests` ENABLE KEYS */;
UNLOCK TABLES;

--
-- Table structure for table `editors`
--

DROP TABLE IF EXISTS `editors`;
/*!40101 SET @saved_cs_client     = @@character_set_client */;
/*!50503 SET character_set_client = utf8mb4 */;
CREATE TABLE `editors` (
  `id` int NOT NULL AUTO_INCREMENT,
  `publication_id` int DEFAULT NULL,
  `first_name` varchar(100) DEFAULT NULL,
  `middle_name` varchar(100) DEFAULT NULL,
  `last_name` varchar(100) DEFAULT NULL,
  `created_at` timestamp NULL DEFAULT CURRENT_TIMESTAMP,
  PRIMARY KEY (`id`),
  KEY `publication_id` (`publication_id`),
  CONSTRAINT `editors_ibfk_1` FOREIGN KEY (`publication_id`) REFERENCES `research_publications` (`id`) ON DELETE CASCADE
) ENGINE=InnoDB DEFAULT CHARSET=utf8mb4 COLLATE=utf8mb4_0900_ai_ci;
/*!40101 SET character_set_client = @saved_cs_client */;

--
-- Dumping data for table `editors`
--

LOCK TABLES `editors` WRITE;
/*!40000 ALTER TABLE `editors` DISABLE KEYS */;
/*!40000 ALTER TABLE `editors` ENABLE KEYS */;
UNLOCK TABLES;

--
-- Table structure for table `faculty_goals`
--

DROP TABLE IF EXISTS `faculty_goals`;
/*!40101 SET @saved_cs_client     = @@character_set_client */;
/*!50503 SET character_set_client = utf8mb4 */;
CREATE TABLE `faculty_goals` (
  `id` int NOT NULL AUTO_INCREMENT,
  `faculty_id` int NOT NULL,
  `submission_id` int DEFAULT NULL,
  `semester` varchar(50) DEFAULT NULL,
  `teaching` decimal(5,2) DEFAULT '0.00',
  `research` decimal(5,2) DEFAULT '0.00',
  `contribution` decimal(5,2) DEFAULT '0.00',
  `outreach` decimal(5,2) DEFAULT '0.00',
  `description` text,
  `created_at` timestamp NULL DEFAULT CURRENT_TIMESTAMP,
  `updated_at` timestamp NULL DEFAULT CURRENT_TIMESTAMP ON UPDATE CURRENT_TIMESTAMP,
  PRIMARY KEY (`id`),
  KEY `faculty_id` (`faculty_id`),
  CONSTRAINT `faculty_goals_ibfk_1` FOREIGN KEY (`faculty_id`) REFERENCES `users` (`id`) ON DELETE CASCADE
) ENGINE=InnoDB DEFAULT CHARSET=utf8mb4 COLLATE=utf8mb4_0900_ai_ci;
/*!40101 SET character_set_client = @saved_cs_client */;

--
-- Dumping data for table `faculty_goals`
--

LOCK TABLES `faculty_goals` WRITE;
/*!40000 ALTER TABLE `faculty_goals` DISABLE KEYS */;
/*!40000 ALTER TABLE `faculty_goals` ENABLE KEYS */;
UNLOCK TABLES;

--
-- Table structure for table `faculty_information`
--

DROP TABLE IF EXISTS `faculty_information`;
/*!40101 SET @saved_cs_client     = @@character_set_client */;
/*!50503 SET character_set_client = utf8mb4 */;
CREATE TABLE `faculty_information` (
  `id` int NOT NULL AUTO_INCREMENT,
  `name` varchar(255) NOT NULL,
  `employee_id` varchar(50) DEFAULT NULL,
  `department` varchar(100) DEFAULT NULL,
  `designation` varchar(100) DEFAULT NULL,
  `email` varchar(255) DEFAULT NULL,
  `phone` varchar(20) DEFAULT NULL,
  `date_of_joining` date DEFAULT NULL,
  `qualifications` text,
  `created_at` timestamp NULL DEFAULT CURRENT_TIMESTAMP,
  `updated_at` timestamp NULL DEFAULT CURRENT_TIMESTAMP ON UPDATE CURRENT_TIMESTAMP,
  PRIMARY KEY (`id`),
  UNIQUE KEY `employee_id` (`employee_id`),
  KEY `idx_faculty_email` (`email`)
) ENGINE=InnoDB AUTO_INCREMENT=14 DEFAULT CHARSET=utf8mb4 COLLATE=utf8mb4_0900_ai_ci;
/*!40101 SET character_set_client = @saved_cs_client */;

--
-- Dumping data for table `faculty_information`
--

LOCK TABLES `faculty_information` WRITE;
/*!40000 ALTER TABLE `faculty_information` DISABLE KEYS */;
INSERT INTO `faculty_information` VALUES (1,'abbc','1rwd22','Computer Science','Associate Professor','sidrajpatel2003@gmail.com',NULL,'2026-04-03',NULL,'2026-04-04 15:02:22','2026-04-04 15:02:22'),(2,'sdas','ewfd2','Computer Science and Engineering','Lecturer','sidrajpatel200.3@gmail.com',NULL,'2026-04-08',NULL,'2026-04-04 16:04:06','2026-04-04 16:04:06'),(3,'bbb','3edsw3r','Computer Science','Professor','s.idrajpatel2003@gmail.com',NULL,'2026-04-01',NULL,'2026-04-04 16:10:07','2026-04-04 16:10:07'),(4,'Panda','fed34d','Computer Science','Associate Professor','sanskritiarora2005@gmail.com',NULL,'2026-04-06',NULL,'2026-04-04 21:15:45','2026-04-04 21:15:45'),(5,'Sanki','web243','Computer Science','Professor','sid.rajpatel2003@gmail.com',NULL,'2026-04-07',NULL,'2026-04-04 21:19:13','2026-04-04 21:19:13'),(6,'Teri to','34rd23','Computer Science','Assistant Professor','sidraj.patel2003@gmail.com',NULL,'2026-04-06',NULL,'2026-04-04 21:51:10','2026-04-04 21:51:10'),(7,'meri to','34rdsw','Computer Science and Engineering','Visiting Faculty','sidraj.p.atel2003@gmail.com',NULL,'2026-04-22',NULL,'2026-04-04 21:51:48','2026-04-04 21:51:48'),(12,'Sanki','emp12',NULL,NULL,NULL,NULL,NULL,NULL,'2026-04-05 06:50:19','2026-04-05 06:50:19'),(13,'hehe','234rfd','Computer Science','Assistant Professor','sidjiyani.2003@gmail.com',NULL,'2026-04-06',NULL,'2026-04-05 14:22:37','2026-04-05 14:22:37');
/*!40000 ALTER TABLE `faculty_information` ENABLE KEYS */;
UNLOCK TABLES;

--
-- Table structure for table `institutional_contributions`
--

DROP TABLE IF EXISTS `institutional_contributions`;
/*!40101 SET @saved_cs_client     = @@character_set_client */;
/*!50503 SET character_set_client = utf8mb4 */;
CREATE TABLE `institutional_contributions` (
  `id` int NOT NULL AUTO_INCREMENT,
  `faculty_id` int DEFAULT NULL,
  `contribution_type` varchar(100) DEFAULT NULL,
  `title` varchar(255) DEFAULT NULL,
  `description` text,
  `year` int DEFAULT NULL,
  `created_at` timestamp NULL DEFAULT CURRENT_TIMESTAMP,
  PRIMARY KEY (`id`),
  KEY `faculty_id` (`faculty_id`),
  CONSTRAINT `institutional_contributions_ibfk_1` FOREIGN KEY (`faculty_id`) REFERENCES `faculty_information` (`id`) ON DELETE CASCADE
) ENGINE=InnoDB DEFAULT CHARSET=utf8mb4 COLLATE=utf8mb4_0900_ai_ci;
/*!40101 SET character_set_client = @saved_cs_client */;

--
-- Dumping data for table `institutional_contributions`
--

LOCK TABLES `institutional_contributions` WRITE;
/*!40000 ALTER TABLE `institutional_contributions` DISABLE KEYS */;
/*!40000 ALTER TABLE `institutional_contributions` ENABLE KEYS */;
UNLOCK TABLES;

--
-- Table structure for table `keynotes_talks`
--

DROP TABLE IF EXISTS `keynotes_talks`;
/*!40101 SET @saved_cs_client     = @@character_set_client */;
/*!50503 SET character_set_client = utf8mb4 */;
CREATE TABLE `keynotes_talks` (
  `id` int NOT NULL AUTO_INCREMENT,
  `faculty_id` int DEFAULT NULL,
  `title` varchar(500) DEFAULT NULL,
  `event_name` varchar(255) DEFAULT NULL,
  `date` date DEFAULT NULL,
  `location` varchar(255) DEFAULT NULL,
  `audience_type` varchar(100) DEFAULT NULL,
  `created_at` timestamp NULL DEFAULT CURRENT_TIMESTAMP,
  PRIMARY KEY (`id`),
  KEY `faculty_id` (`faculty_id`),
  CONSTRAINT `keynotes_talks_ibfk_1` FOREIGN KEY (`faculty_id`) REFERENCES `faculty_information` (`id`) ON DELETE CASCADE
) ENGINE=InnoDB AUTO_INCREMENT=5 DEFAULT CHARSET=utf8mb4 COLLATE=utf8mb4_0900_ai_ci;
/*!40101 SET character_set_client = @saved_cs_client */;

--
-- Dumping data for table `keynotes_talks`
--

LOCK TABLES `keynotes_talks` WRITE;
/*!40000 ALTER TABLE `keynotes_talks` DISABLE KEYS */;
INSERT INTO `keynotes_talks` VALUES (3,12,'Future of Federated AI','NIT Jaipur Tech Symposium','2024-03-10','Jaipur, Rajasthan','Academic','2026-04-05 07:56:21'),(4,12,'Ethical AI in Healthcare','IIT Jodhpur AI Summit','2023-11-20','Jodhpur, Rajasthan','Mixed','2026-04-05 07:56:21');
/*!40000 ALTER TABLE `keynotes_talks` ENABLE KEYS */;
UNLOCK TABLES;

--
-- Table structure for table `new_courses`
--

DROP TABLE IF EXISTS `new_courses`;
/*!40101 SET @saved_cs_client     = @@character_set_client */;
/*!50503 SET character_set_client = utf8mb4 */;
CREATE TABLE `new_courses` (
  `id` int NOT NULL AUTO_INCREMENT,
  `faculty_id` int DEFAULT NULL,
  `level_type` varchar(50) DEFAULT NULL,
  `program` varchar(100) DEFAULT NULL,
  `course_name` varchar(255) DEFAULT NULL,
  `course_code` varchar(50) DEFAULT NULL,
  `level` varchar(10) DEFAULT NULL,
  `remarks` text,
  `cif_file` varchar(255) DEFAULT NULL,
  `created_at` timestamp NULL DEFAULT CURRENT_TIMESTAMP,
  PRIMARY KEY (`id`),
  KEY `faculty_id` (`faculty_id`),
  CONSTRAINT `new_courses_ibfk_1` FOREIGN KEY (`faculty_id`) REFERENCES `faculty_information` (`id`) ON DELETE CASCADE
) ENGINE=InnoDB AUTO_INCREMENT=6 DEFAULT CHARSET=utf8mb4 COLLATE=utf8mb4_0900_ai_ci;
/*!40101 SET character_set_client = @saved_cs_client */;

--
-- Dumping data for table `new_courses`
--

LOCK TABLES `new_courses` WRITE;
/*!40000 ALTER TABLE `new_courses` DISABLE KEYS */;
INSERT INTO `new_courses` VALUES (4,12,'PG','M.Tech CSE','Deep Learning Applications','CS502','PG',NULL,NULL,'2026-04-05 07:56:21'),(5,12,'UG','B.Tech CSE','Blockchain Fundamentals','CS415','UG',NULL,NULL,'2026-04-05 07:56:21');
/*!40000 ALTER TABLE `new_courses` ENABLE KEYS */;
UNLOCK TABLES;

--
-- Table structure for table `paper_reviews`
--

DROP TABLE IF EXISTS `paper_reviews`;
/*!40101 SET @saved_cs_client     = @@character_set_client */;
/*!50503 SET character_set_client = utf8mb4 */;
CREATE TABLE `paper_reviews` (
  `id` int NOT NULL AUTO_INCREMENT,
  `faculty_id` int DEFAULT NULL,
  `review_type` varchar(50) DEFAULT NULL,
  `journal_name` varchar(255) DEFAULT NULL,
  `abbreviation` varchar(100) DEFAULT NULL,
  `number_of_papers` int DEFAULT NULL,
  `first_name` varchar(100) DEFAULT NULL,
  `middle_name` varchar(100) DEFAULT NULL,
  `last_name` varchar(100) DEFAULT NULL,
  `month_of_review` date DEFAULT NULL,
  `created_at` timestamp NULL DEFAULT CURRENT_TIMESTAMP,
  PRIMARY KEY (`id`),
  KEY `faculty_id` (`faculty_id`),
  CONSTRAINT `paper_reviews_ibfk_1` FOREIGN KEY (`faculty_id`) REFERENCES `faculty_information` (`id`) ON DELETE CASCADE
) ENGINE=InnoDB DEFAULT CHARSET=utf8mb4 COLLATE=utf8mb4_0900_ai_ci;
/*!40101 SET character_set_client = @saved_cs_client */;

--
-- Dumping data for table `paper_reviews`
--

LOCK TABLES `paper_reviews` WRITE;
/*!40000 ALTER TABLE `paper_reviews` DISABLE KEYS */;
/*!40000 ALTER TABLE `paper_reviews` ENABLE KEYS */;
UNLOCK TABLES;

--
-- Table structure for table `patents`
--

DROP TABLE IF EXISTS `patents`;
/*!40101 SET @saved_cs_client     = @@character_set_client */;
/*!50503 SET character_set_client = utf8mb4 */;
CREATE TABLE `patents` (
  `id` int NOT NULL AUTO_INCREMENT,
  `faculty_id` int DEFAULT NULL,
  `patent_type` varchar(50) DEFAULT NULL,
  `title` varchar(500) DEFAULT NULL,
  `agency` varchar(255) DEFAULT NULL,
  `month` date DEFAULT NULL,
  `certificate_file` varchar(255) DEFAULT NULL,
  `publication_id` varchar(100) DEFAULT NULL,
  `created_at` timestamp NULL DEFAULT CURRENT_TIMESTAMP,
  PRIMARY KEY (`id`),
  KEY `idx_patents_faculty` (`faculty_id`),
  CONSTRAINT `patents_ibfk_1` FOREIGN KEY (`faculty_id`) REFERENCES `faculty_information` (`id`) ON DELETE CASCADE
) ENGINE=InnoDB AUTO_INCREMENT=5 DEFAULT CHARSET=utf8mb4 COLLATE=utf8mb4_0900_ai_ci;
/*!40101 SET character_set_client = @saved_cs_client */;

--
-- Dumping data for table `patents`
--

LOCK TABLES `patents` WRITE;
/*!40000 ALTER TABLE `patents` DISABLE KEYS */;
INSERT INTO `patents` VALUES (3,12,'Granted','System and Method for Real-time Anomaly Detection Using ML','Indian Patent Office',NULL,NULL,NULL,'2026-04-05 07:56:21'),(4,12,'Published','Privacy-aware Federated Learning Framework','Indian Patent Office',NULL,NULL,NULL,'2026-04-05 07:56:21');
/*!40000 ALTER TABLE `patents` ENABLE KEYS */;
UNLOCK TABLES;

--
-- Table structure for table `research_grants`
--

DROP TABLE IF EXISTS `research_grants`;
/*!40101 SET @saved_cs_client     = @@character_set_client */;
/*!50503 SET character_set_client = utf8mb4 */;
CREATE TABLE `research_grants` (
  `id` int NOT NULL AUTO_INCREMENT,
  `faculty_id` int DEFAULT NULL,
  `grant_type` varchar(50) DEFAULT NULL,
  `project_name` varchar(500) DEFAULT NULL,
  `funding_agency` varchar(255) DEFAULT NULL,
  `currency` varchar(10) DEFAULT NULL,
  `grant_amount` decimal(15,2) DEFAULT NULL,
  `amount_in_lakhs` decimal(10,2) DEFAULT NULL,
  `duration` varchar(100) DEFAULT NULL,
  `researchers` varchar(255) DEFAULT NULL,
  `role` varchar(50) DEFAULT NULL,
  `evidence_file` varchar(255) DEFAULT NULL,
  `created_at` timestamp NULL DEFAULT CURRENT_TIMESTAMP,
  PRIMARY KEY (`id`),
  KEY `idx_grants_faculty` (`faculty_id`),
  CONSTRAINT `research_grants_ibfk_1` FOREIGN KEY (`faculty_id`) REFERENCES `faculty_information` (`id`) ON DELETE CASCADE
) ENGINE=InnoDB AUTO_INCREMENT=6 DEFAULT CHARSET=utf8mb4 COLLATE=utf8mb4_0900_ai_ci;
/*!40101 SET character_set_client = @saved_cs_client */;

--
-- Dumping data for table `research_grants`
--

LOCK TABLES `research_grants` WRITE;
/*!40000 ALTER TABLE `research_grants` DISABLE KEYS */;
INSERT INTO `research_grants` VALUES (4,12,'Government','AI-based Smart Agriculture Monitoring','DST-SERB','INR',2500000.00,25.00,'3 Years',NULL,'PI',NULL,'2026-04-05 07:56:21'),(5,12,'Industry','ML-powered Fraud Detection System','TCS Innovation Labs','INR',800000.00,8.00,'1 Year',NULL,'Co-PI',NULL,'2026-04-05 07:56:21');
/*!40000 ALTER TABLE `research_grants` ENABLE KEYS */;
UNLOCK TABLES;

--
-- Table structure for table `research_publications`
--

DROP TABLE IF EXISTS `research_publications`;
/*!40101 SET @saved_cs_client     = @@character_set_client */;
/*!50503 SET character_set_client = utf8mb4 */;
CREATE TABLE `research_publications` (
  `id` int NOT NULL AUTO_INCREMENT,
  `faculty_id` int DEFAULT NULL,
  `publication_type` varchar(50) DEFAULT NULL,
  `sub_type` varchar(50) DEFAULT NULL,
  `title` varchar(500) DEFAULT NULL,
  `year_of_publication` int DEFAULT NULL,
  `journal_name` varchar(255) DEFAULT NULL,
  `conference_name` varchar(255) DEFAULT NULL,
  `abbreviation` varchar(100) DEFAULT NULL,
  `volume` varchar(50) DEFAULT NULL,
  `number` varchar(50) DEFAULT NULL,
  `pages_from` varchar(20) DEFAULT NULL,
  `pages_to` varchar(20) DEFAULT NULL,
  `date_from` date DEFAULT NULL,
  `date_to` date DEFAULT NULL,
  `type_of_conference` varchar(50) DEFAULT NULL,
  `city` varchar(100) DEFAULT NULL,
  `state` varchar(100) DEFAULT NULL,
  `country` varchar(100) DEFAULT NULL,
  `publication_agency` varchar(255) DEFAULT NULL,
  `title_of_book` varchar(255) DEFAULT NULL,
  `publication_id` varchar(100) DEFAULT NULL,
  `details` text,
  `created_at` timestamp NULL DEFAULT CURRENT_TIMESTAMP,
  PRIMARY KEY (`id`),
  KEY `idx_publications_faculty` (`faculty_id`),
  CONSTRAINT `research_publications_ibfk_1` FOREIGN KEY (`faculty_id`) REFERENCES `faculty_information` (`id`) ON DELETE CASCADE
) ENGINE=InnoDB AUTO_INCREMENT=10 DEFAULT CHARSET=utf8mb4 COLLATE=utf8mb4_0900_ai_ci;
/*!40101 SET character_set_client = @saved_cs_client */;

--
-- Dumping data for table `research_publications`
--

LOCK TABLES `research_publications` WRITE;
/*!40000 ALTER TABLE `research_publications` DISABLE KEYS */;
INSERT INTO `research_publications` VALUES (7,12,'Journal','Q1','Deep Reinforcement Learning for Edge Computing',2024,'IEEE Trans. on Neural Networks',NULL,NULL,NULL,NULL,NULL,NULL,NULL,NULL,NULL,NULL,NULL,NULL,NULL,NULL,NULL,NULL,'2026-04-05 07:56:21'),(8,12,'Journal','Q2','Federated Learning in Healthcare Systems',2023,'Elsevier Applied Soft Computing',NULL,NULL,NULL,NULL,NULL,NULL,NULL,NULL,NULL,NULL,NULL,NULL,NULL,NULL,NULL,NULL,'2026-04-05 07:56:21'),(9,12,'Conference','Tier 1','Privacy-Preserving ML on IoT Devices',2024,NULL,NULL,NULL,NULL,NULL,NULL,NULL,NULL,NULL,NULL,NULL,NULL,NULL,NULL,NULL,NULL,NULL,'2026-04-05 07:56:21');
/*!40000 ALTER TABLE `research_publications` ENABLE KEYS */;
UNLOCK TABLES;

--
-- Table structure for table `review_comments`
--

DROP TABLE IF EXISTS `review_comments`;
/*!40101 SET @saved_cs_client     = @@character_set_client */;
/*!50503 SET character_set_client = utf8mb4 */;
CREATE TABLE `review_comments` (
  `id` int NOT NULL AUTO_INCREMENT,
  `submission_id` int NOT NULL,
  `reviewer_id` int DEFAULT NULL,
  `reviewer_role` enum('dofa','dofa_office') DEFAULT NULL,
  `comment` text NOT NULL,
  `created_at` timestamp NULL DEFAULT CURRENT_TIMESTAMP,
  PRIMARY KEY (`id`),
  KEY `submission_id` (`submission_id`),
  KEY `reviewer_id` (`reviewer_id`),
  CONSTRAINT `review_comments_ibfk_1` FOREIGN KEY (`submission_id`) REFERENCES `submissions` (`id`) ON DELETE CASCADE,
  CONSTRAINT `review_comments_ibfk_2` FOREIGN KEY (`reviewer_id`) REFERENCES `users` (`id`) ON DELETE SET NULL
) ENGINE=InnoDB AUTO_INCREMENT=5 DEFAULT CHARSET=utf8mb4 COLLATE=utf8mb4_0900_ai_ci;
/*!40101 SET character_set_client = @saved_cs_client */;

--
-- Dumping data for table `review_comments`
--

LOCK TABLES `review_comments` WRITE;
/*!40000 ALTER TABLE `review_comments` DISABLE KEYS */;
INSERT INTO `review_comments` VALUES (1,1,1,'dofa','hehe','2026-04-05 08:07:27'),(2,1,1,'dofa','hhee','2026-04-05 08:07:37'),(3,1,1,'dofa','hheew','2026-04-05 08:30:20'),(4,4,1,'dofa','lkm','2026-04-05 14:32:59');
/*!40000 ALTER TABLE `review_comments` ENABLE KEYS */;
UNLOCK TABLES;

--
-- Table structure for table `submission_locks`
--

DROP TABLE IF EXISTS `submission_locks`;
/*!40101 SET @saved_cs_client     = @@character_set_client */;
/*!50503 SET character_set_client = utf8mb4 */;
CREATE TABLE `submission_locks` (
  `id` int NOT NULL AUTO_INCREMENT,
  `submission_id` int NOT NULL,
  `locked_by` int DEFAULT NULL,
  `locked_at` timestamp NULL DEFAULT CURRENT_TIMESTAMP,
  `unlocked_at` timestamp NULL DEFAULT NULL,
  `is_locked` tinyint(1) DEFAULT '1',
  PRIMARY KEY (`id`),
  KEY `submission_id` (`submission_id`),
  KEY `locked_by` (`locked_by`),
  CONSTRAINT `submission_locks_ibfk_1` FOREIGN KEY (`submission_id`) REFERENCES `submissions` (`id`) ON DELETE CASCADE,
  CONSTRAINT `submission_locks_ibfk_2` FOREIGN KEY (`locked_by`) REFERENCES `users` (`id`) ON DELETE SET NULL
) ENGINE=InnoDB AUTO_INCREMENT=3 DEFAULT CHARSET=utf8mb4 COLLATE=utf8mb4_0900_ai_ci;
/*!40101 SET character_set_client = @saved_cs_client */;

--
-- Dumping data for table `submission_locks`
--

LOCK TABLES `submission_locks` WRITE;
/*!40000 ALTER TABLE `submission_locks` DISABLE KEYS */;
INSERT INTO `submission_locks` VALUES (1,2,1,'2026-04-05 07:46:44','2026-04-05 07:50:54',0),(2,1,1,'2026-04-05 07:50:48','2026-04-05 07:50:52',0);
/*!40000 ALTER TABLE `submission_locks` ENABLE KEYS */;
UNLOCK TABLES;

--
-- Table structure for table `submissions`
--

DROP TABLE IF EXISTS `submissions`;
/*!40101 SET @saved_cs_client     = @@character_set_client */;
/*!50503 SET character_set_client = utf8mb4 */;
CREATE TABLE `submissions` (
  `id` int NOT NULL AUTO_INCREMENT,
  `faculty_id` int NOT NULL,
  `academic_year` varchar(20) NOT NULL,
  `form_type` varchar(20) DEFAULT 'A',
  `status` enum('draft','submitted','under_review','approved','sent_back') DEFAULT 'draft',
  `submitted_at` timestamp NULL DEFAULT NULL,
  `approved_by` int DEFAULT NULL,
  `approved_at` timestamp NULL DEFAULT NULL,
  `locked` tinyint(1) DEFAULT '0',
  `created_at` timestamp NULL DEFAULT CURRENT_TIMESTAMP,
  `updated_at` timestamp NULL DEFAULT CURRENT_TIMESTAMP ON UPDATE CURRENT_TIMESTAMP,
  PRIMARY KEY (`id`),
  KEY `approved_by` (`approved_by`),
  KEY `idx_submissions_faculty` (`faculty_id`),
  KEY `idx_submissions_status` (`status`),
  KEY `idx_submissions_year` (`academic_year`),
  CONSTRAINT `submissions_ibfk_1` FOREIGN KEY (`faculty_id`) REFERENCES `users` (`id`) ON DELETE CASCADE,
  CONSTRAINT `submissions_ibfk_2` FOREIGN KEY (`approved_by`) REFERENCES `users` (`id`) ON DELETE SET NULL
) ENGINE=InnoDB AUTO_INCREMENT=6 DEFAULT CHARSET=utf8mb4 COLLATE=utf8mb4_0900_ai_ci;
/*!40101 SET character_set_client = @saved_cs_client */;

--
-- Dumping data for table `submissions`
--

LOCK TABLES `submissions` WRITE;
/*!40000 ALTER TABLE `submissions` DISABLE KEYS */;
INSERT INTO `submissions` VALUES (1,2,'2024-25','A','sent_back','2026-04-05 06:36:52',NULL,NULL,0,'2026-04-05 06:36:52','2026-04-05 08:30:20'),(2,12,'2024-25','B','submitted','2026-04-05 07:56:21',NULL,NULL,0,'2026-04-05 06:46:08','2026-04-05 07:56:21'),(3,4,'2025-26','A','approved',NULL,NULL,NULL,0,'2026-04-05 08:01:20','2026-04-05 14:32:10'),(4,12,'2025-26','A','sent_back','2026-04-05 08:58:14',NULL,NULL,0,'2026-04-05 08:49:56','2026-04-05 14:38:48'),(5,3,'2025-26','A','draft',NULL,NULL,NULL,0,'2026-04-05 08:59:33','2026-04-05 08:59:33');
/*!40000 ALTER TABLE `submissions` ENABLE KEYS */;
UNLOCK TABLES;

--
-- Table structure for table `submitted_proposals`
--

DROP TABLE IF EXISTS `submitted_proposals`;
/*!40101 SET @saved_cs_client     = @@character_set_client */;
/*!50503 SET character_set_client = utf8mb4 */;
CREATE TABLE `submitted_proposals` (
  `id` int NOT NULL AUTO_INCREMENT,
  `faculty_id` int DEFAULT NULL,
  `title` varchar(500) DEFAULT NULL,
  `funding_agency` varchar(255) DEFAULT NULL,
  `currency` varchar(10) DEFAULT NULL,
  `grant_amount` decimal(15,2) DEFAULT NULL,
  `amount_in_lakhs` decimal(10,2) DEFAULT NULL,
  `duration` varchar(100) DEFAULT NULL,
  `submission_date` date DEFAULT NULL,
  `status` varchar(100) DEFAULT NULL,
  `role` varchar(50) DEFAULT NULL,
  `created_at` timestamp NULL DEFAULT CURRENT_TIMESTAMP,
  PRIMARY KEY (`id`),
  KEY `faculty_id` (`faculty_id`),
  CONSTRAINT `submitted_proposals_ibfk_1` FOREIGN KEY (`faculty_id`) REFERENCES `faculty_information` (`id`) ON DELETE CASCADE
) ENGINE=InnoDB AUTO_INCREMENT=3 DEFAULT CHARSET=utf8mb4 COLLATE=utf8mb4_0900_ai_ci;
/*!40101 SET character_set_client = @saved_cs_client */;

--
-- Dumping data for table `submitted_proposals`
--

LOCK TABLES `submitted_proposals` WRITE;
/*!40000 ALTER TABLE `submitted_proposals` DISABLE KEYS */;
INSERT INTO `submitted_proposals` VALUES (2,12,'Quantum-Enhanced Cryptography for IoT','NITI Aayog','INR',5000000.00,50.00,'4 Years','2024-01-15','Under Review','PI','2026-04-05 07:56:21');
/*!40000 ALTER TABLE `submitted_proposals` ENABLE KEYS */;
UNLOCK TABLES;

--
-- Table structure for table `teaching_innovation`
--

DROP TABLE IF EXISTS `teaching_innovation`;
/*!40101 SET @saved_cs_client     = @@character_set_client */;
/*!50503 SET character_set_client = utf8mb4 */;
CREATE TABLE `teaching_innovation` (
  `id` int NOT NULL AUTO_INCREMENT,
  `faculty_id` int DEFAULT NULL,
  `title` varchar(255) DEFAULT NULL,
  `description` text,
  `implementation_date` date DEFAULT NULL,
  `impact` text,
  `created_at` timestamp NULL DEFAULT CURRENT_TIMESTAMP,
  PRIMARY KEY (`id`),
  KEY `faculty_id` (`faculty_id`),
  CONSTRAINT `teaching_innovation_ibfk_1` FOREIGN KEY (`faculty_id`) REFERENCES `faculty_information` (`id`) ON DELETE CASCADE
) ENGINE=InnoDB DEFAULT CHARSET=utf8mb4 COLLATE=utf8mb4_0900_ai_ci;
/*!40101 SET character_set_client = @saved_cs_client */;

--
-- Dumping data for table `teaching_innovation`
--

LOCK TABLES `teaching_innovation` WRITE;
/*!40000 ALTER TABLE `teaching_innovation` DISABLE KEYS */;
/*!40000 ALTER TABLE `teaching_innovation` ENABLE KEYS */;
UNLOCK TABLES;

--
-- Table structure for table `technology_transfer`
--

DROP TABLE IF EXISTS `technology_transfer`;
/*!40101 SET @saved_cs_client     = @@character_set_client */;
/*!50503 SET character_set_client = utf8mb4 */;
CREATE TABLE `technology_transfer` (
  `id` int NOT NULL AUTO_INCREMENT,
  `faculty_id` int DEFAULT NULL,
  `title` varchar(500) DEFAULT NULL,
  `description` text,
  `agency` varchar(255) DEFAULT NULL,
  `date` date DEFAULT NULL,
  `created_at` timestamp NULL DEFAULT CURRENT_TIMESTAMP,
  PRIMARY KEY (`id`),
  KEY `faculty_id` (`faculty_id`),
  CONSTRAINT `technology_transfer_ibfk_1` FOREIGN KEY (`faculty_id`) REFERENCES `faculty_information` (`id`) ON DELETE CASCADE
) ENGINE=InnoDB DEFAULT CHARSET=utf8mb4 COLLATE=utf8mb4_0900_ai_ci;
/*!40101 SET character_set_client = @saved_cs_client */;

--
-- Dumping data for table `technology_transfer`
--

LOCK TABLES `technology_transfer` WRITE;
/*!40000 ALTER TABLE `technology_transfer` DISABLE KEYS */;
/*!40000 ALTER TABLE `technology_transfer` ENABLE KEYS */;
UNLOCK TABLES;

--
-- Table structure for table `users`
--

DROP TABLE IF EXISTS `users`;
/*!40101 SET @saved_cs_client     = @@character_set_client */;
/*!50503 SET character_set_client = utf8mb4 */;
CREATE TABLE `users` (
  `id` int NOT NULL AUTO_INCREMENT,
  `name` varchar(255) NOT NULL,
  `email` varchar(255) NOT NULL,
  `password` varchar(255) DEFAULT NULL,
  `role` enum('admin','faculty','hod','dofa','dofa_office') DEFAULT 'faculty',
  `department` varchar(100) DEFAULT NULL,
  `designation` varchar(100) DEFAULT NULL,
  `created_at` timestamp NULL DEFAULT CURRENT_TIMESTAMP,
  `updated_at` timestamp NULL DEFAULT CURRENT_TIMESTAMP ON UPDATE CURRENT_TIMESTAMP,
  `employee_id` varchar(50) DEFAULT NULL,
  `employment_type` enum('fixed','contractual') DEFAULT NULL,
  `date_of_joining` date DEFAULT NULL,
  `salutation` enum('Prof','Dr','Mr','Ms') DEFAULT NULL,
  `department_id` int DEFAULT NULL,
  `password_reset_token` varchar(255) DEFAULT NULL,
  `password_reset_expires` datetime DEFAULT NULL,
  `onboarding_complete` tinyint(1) NOT NULL DEFAULT '1',
  `is_archived` tinyint(1) NOT NULL DEFAULT '0',
  `archived_at` timestamp NULL DEFAULT NULL,
  `archived_by` int DEFAULT NULL,
  `archive_reason` varchar(255) DEFAULT NULL,
  PRIMARY KEY (`id`),
  UNIQUE KEY `email` (`email`),
  KEY `fk_users_department` (`department_id`),
  KEY `idx_users_email` (`email`),
  CONSTRAINT `fk_users_department` FOREIGN KEY (`department_id`) REFERENCES `departments` (`id`) ON DELETE SET NULL
) ENGINE=InnoDB AUTO_INCREMENT=17 DEFAULT CHARSET=utf8mb4 COLLATE=utf8mb4_0900_ai_ci;
/*!40101 SET character_set_client = @saved_cs_client */;

--
-- Dumping data for table `users`
--

LOCK TABLES `users` WRITE;
/*!40000 ALTER TABLE `users` DISABLE KEYS */;
INSERT INTO `users` VALUES (1,'System Admin','admin@lnmiit.ac.in','$2b$10$chjkERYQ2wWgDqAMBaKtpu6kNTqgwsEWBnbPnNtf3iKDjVW.Km8wy','admin','Administration',NULL,'2026-04-04 12:14:07','2026-04-04 12:14:07',NULL,NULL,NULL,NULL,NULL,NULL,NULL,1,0,NULL,NULL,NULL),(2,'Faculty Demo','faculty.demo@lnmiit.ac.in','$2b$10$IbmNkFGcMcMSYPFpwFJBCO2tWl4zAsSWaj.jus3kR7oMD5SUsc/Hm','faculty','Computer Science','Assistant Professor','2026-04-04 12:28:04','2026-04-04 12:28:04',NULL,NULL,NULL,NULL,1,NULL,NULL,1,0,NULL,NULL,NULL),(3,'DOFA Demo','dofa.demo@lnmiit.ac.in','$2b$10$IbmNkFGcMcMSYPFpwFJBCO2tWl4zAsSWaj.jus3kR7oMD5SUsc/Hm','dofa','Administration','Dean of Faculty Affairs','2026-04-04 12:28:04','2026-04-04 12:28:04',NULL,NULL,NULL,NULL,2,NULL,NULL,1,0,NULL,NULL,NULL),(4,'DOFA Office Demo','dofa.office.demo@lnmiit.ac.in','$2b$10$IbmNkFGcMcMSYPFpwFJBCO2tWl4zAsSWaj.jus3kR7oMD5SUsc/Hm','dofa_office','Administration','Office Administrator','2026-04-04 12:28:04','2026-04-04 12:28:04',NULL,NULL,NULL,NULL,2,NULL,NULL,1,0,NULL,NULL,NULL),(5,'Admin Demo','admin.demo@lnmiit.ac.in','$2b$10$IbmNkFGcMcMSYPFpwFJBCO2tWl4zAsSWaj.jus3kR7oMD5SUsc/Hm','admin','Administration','System Admin','2026-04-04 12:28:04','2026-04-04 12:28:04',NULL,NULL,NULL,NULL,2,NULL,NULL,1,0,NULL,NULL,NULL),(6,'HOD Demo','hod.demo@lnmiit.ac.in','$2b$10$IbmNkFGcMcMSYPFpwFJBCO2tWl4zAsSWaj.jus3kR7oMD5SUsc/Hm','hod','Computer Science','Professor','2026-04-04 12:28:04','2026-04-04 12:28:04',NULL,NULL,NULL,NULL,1,NULL,NULL,1,0,NULL,NULL,NULL),(7,'sid','cokajob530@agoalz.com','$2b$10$Q7w13mPFM5JBBbAlJo1eSOMx9g23zoC9acZh9ENygbk/dbUZw78S.','hod','cse',NULL,'2026-04-04 14:53:03','2026-04-04 14:59:57',NULL,NULL,NULL,NULL,3,NULL,NULL,1,0,NULL,NULL,NULL),(8,'abbc','sidrajpatel2003@gmail.com','$2b$10$ycgn8.nit1/B08kzGWkuxeSTjlpE9MH/iaFrhfWp8zEWzAu1xfVHu','hod','Computer Science and Engineering','Associate Professor','2026-04-04 15:02:22','2026-04-04 16:02:06','1rwd22','fixed','2026-04-03','Dr',4,NULL,NULL,1,0,NULL,NULL,NULL),(9,'sdas','sidrajpatel200.3@gmail.com','$2b$10$fmLyCIB8dOZHlFbj1OZDou7fHtzWkFxw.DupdgrOvlAuimof1a3ku','faculty','Computer Science and Engineering','Lecturer','2026-04-04 16:04:06','2026-04-04 22:55:00','ewfd2','fixed','2026-04-08','Dr',4,NULL,NULL,1,0,NULL,NULL,NULL),(10,'bbb','s.idrajpatel2003@gmail.com','$2b$10$RX.P3Ss2TB846lTfDuf/2eFyMlnWMdgC3RT13f1.Y8zbBOfx1VRtu','faculty','Computer Science','Professor','2026-04-04 16:10:07','2026-04-04 16:10:07','3edsw3r','fixed','2026-04-01','Mr',1,NULL,NULL,1,0,NULL,NULL,NULL),(11,'Panda','sanskritiarora2005@gmail.com','$2b$10$HAM9yiiojPHXylVMUnJYFe9zRJlJEYyXNVzl819MoRs5q.nR9E3ne','faculty','Computer Science','Associate Professor','2026-04-04 21:15:45','2026-04-04 21:15:45','fed34d','fixed','2026-04-06','Prof',1,NULL,NULL,1,0,NULL,NULL,NULL),(12,'Sanki','sid.rajpatel2003@gmail.com','$2b$10$6jttx2fDklQpqZvcw60EJuCJpEDOoqU0me8NlI3iBjSqoBcv1DN7O','faculty','Computer Science','Professor','2026-04-04 21:19:13','2026-04-05 05:50:54','web243','fixed','2026-04-07','Dr',1,NULL,NULL,1,0,NULL,NULL,NULL),(13,'Teri to','sidraj.patel2003@gmail.com','$2b$10$KqUFRy5kGRvFuVqLsYRXHOoxyyNzPz7lzZ8jEpy213psYz08N0.g2','faculty','Computer Science','Assistant Professor','2026-04-04 21:47:11','2026-04-04 21:51:10','34rd23','fixed','2026-04-06','Dr',1,NULL,NULL,1,0,NULL,NULL,NULL),(14,'s.anskritiarora2005@gmail.com','s.anskritiarora2005@gmail.com','$2b$10$MGiTmW5CRD7aIFReVqRisefIVQgM..LBMXH2LavcMFhSbu.sKog92','faculty',NULL,NULL,'2026-04-04 21:47:16','2026-04-04 21:47:16',NULL,NULL,NULL,NULL,NULL,NULL,NULL,0,0,NULL,NULL,NULL),(15,'meri to','sidraj.p.atel2003@gmail.com','$2b$10$2NdsZwx72nhpvWMdWdkrHe6xcsxe/Ra4GsDb6nT20hHfQ3SjYTUAi','faculty','Computer Science and Engineering','Visiting Faculty','2026-04-04 21:51:48','2026-04-04 22:47:20','34rdsw','fixed','2026-04-22','Dr',4,NULL,NULL,1,1,'2026-04-04 22:47:20',3,'Archived via department archival'),(16,'hehe','sidjiyani.2003@gmail.com','$2b$10$luMiiMXaf2sCdty2elPt2OJlOhaTNHYWEMLHGVAR8w.yC5nVpf6mi','faculty','Computer Science','Assistant Professor','2026-04-05 14:22:37','2026-04-05 14:22:37','234rfd','fixed','2026-04-06','Dr',1,NULL,NULL,1,0,NULL,NULL,NULL);
/*!40000 ALTER TABLE `users` ENABLE KEYS */;
UNLOCK TABLES;

--
-- Dumping routines for database 'faculty_appraisal'
--
/*!40103 SET TIME_ZONE=@OLD_TIME_ZONE */;

/*!40101 SET SQL_MODE=@OLD_SQL_MODE */;
/*!40014 SET FOREIGN_KEY_CHECKS=@OLD_FOREIGN_KEY_CHECKS */;
/*!40014 SET UNIQUE_CHECKS=@OLD_UNIQUE_CHECKS */;
/*!40101 SET CHARACTER_SET_CLIENT=@OLD_CHARACTER_SET_CLIENT */;
/*!40101 SET CHARACTER_SET_RESULTS=@OLD_CHARACTER_SET_RESULTS */;
/*!40101 SET COLLATION_CONNECTION=@OLD_COLLATION_CONNECTION */;
/*!40111 SET SQL_NOTES=@OLD_SQL_NOTES */;

-- Dump completed on 2026-04-05 20:28:10
